Text,Inscription ID
267,ἡ βουλὴ ὁ δῆμος κανηφο ρήσασαν Σ ἡ βουλὴ ὁ δῆμος κανηφο ρήσασαν Ἀσκληπι ῶι ἡ βουλὴ ὁ δῆμος κανηφορή σασαν Μη τρὶ θεῶν ἡ βουλὴ ὁ δῆμος κανηφορήσα σαν Ἀφρο δίτηι Ἀλω πεκῆσι ἐπὶ ἱερείας Ἀμεινοκλείας τῆς Φιλάνθου Φυλασίου θυγατρός
268,ἱέρειαν Δήμητρος καὶ Κόρης Ἀμεινόκλειαν Φιλάνθου Φυλασίου θυγατέρα οἱ υἱοὶ Θεόφιλος καὶ Φιλάνθης καὶ Διοπείθης καὶ ἡ θυγάτηρ Εὐρυδίκη
269,ρίδου Δεκελεέως θυγατέρα ὁ πατὴρ ρίδης Δεκελεεὺς καὶ ἡ μήτηρ Μοσχίωνος θυγάτηρ ἀφ ἑστίας μυηθεῖσαν Δήμητρι καὶ Κόρηι ἀνέθηκαν
270,Διονύσιος Διονυσίου Σφήττιος καὶ Ἐπιφάνεια Ἑρμολύκου Μαραθωνίου θυγάτηρ Ἐπιφάνειαν Ἀθηναγόρου Μελιτέως θυγατέρα τὴν ἑαυτῶν θυγα τριδῆν μυηθεῖσαν ἀφ ἑστίας Δήμητρι καὶ Κόρηι ἀνέθηκαν
271,τῆι πόλει τῆι Ἀθηναίων περι νδιων ἀπαλλαγέντες το ἄνθρωποι διεξαγωγὴν τῶν μὲν παράδοσιν ἐποιήσατο θυσίας δὲ καὶ μυστήρια καὶ καὶ ἀγῶνας θυμελικούς τε καὶ σκηνικοὺς αὐτὸς ἐπιτελεῖν ἐψηφίσατο καὶ ἡ σύνοδος τῶν περὶ τὸν Διόνυσον τεχνιτῶν διὰ παντὸς αὐτῶι συναύξουσα καθ ὅσον ἐστὶ δυνατὴ τάς τε θυσίας καὶ τἄλλα πάντα τὰ ἐψηφ ισμένα ὑπ αὐτοῦ τοῖς τε θεοῖς καὶ τοῖς εὐεργέταις τίμια ἐψηφίσατο καὶ αὐτὴ θύειν καὶ σπένδειν τῆι Δήμητρι καὶ τῆι Κόρηι ταῖς μυστηριώτισιν ἡμέραις καὶ βωμὸν ἱδρυσαμ ένη καὶ τέμενος κατασκευάσασα ἐν Ἐλευσῖνι σπονδὰς καὶ παιᾶνας ἐπιτελεῖν ὧν ἐπισχ εθέντων ἐπὶ ἔτη καὶ πλείονα καὶ τοῦ τε βωμοῦ καὶ τοῦ τεμένους ἀναιρε θέντος διὰ τὴν κοινὴν περίστασιν Φιλήμων ἐπιμελητὴς τὸ τρίτ ον γενόμενος ἐν τῶι ἐπὶ Αἰσχραίου ἄρχοντος ἐνιαυτῶι ἀνεκτήσα το τὰς πατρίους ταῖς θεαῖς θυσίας καὶ πρῶτος αὐτὸς θύσας ἐν Ἐ λευσῖνι τῆι Δήμητρι καὶ τῆι Κόρηι καὶ τὴν λοιπὴν δαπάνην καὶ χορη γίαν ἐπιδεξάμενος ὑπεδέξατο τὴν σύνοδον ἐκ τῶν ἰδίων προσεμέρισεν δὲ καὶ ἐκ τῶν κοινῶν εἰς ἄλλας ἡμέρας δύο καὶ ἐμ πάσαις καλλιερήσας ταῖς ἡμέραις τὰς ἐψηφισμένας ὑπὸ τῶν πατέ ρων σπονδὰς καὶ ἐπιχύσεις καὶ παιᾶνας ταῖς θεαῖς ἐπετέλεσεν ὧν ἀσμένως οἱ τεχνῖται λαβόντες ἀνάμνησιν παρεκάλεσαν αὐτὸν καὶ προετρέψαντο μετὰ πάσης προθυμίας προνοηθῆναι καὶ τῆς τοῦ τεμένους κατασκευῆς ὅπως ἐπὶ τῆς πατρώιας ἑστίας ἀνεμ ποδίστως κατ ἐνιαυτὸν ἐπιτελῶσιν τὰς θυσίας ὁ δὲ καὶ διὰ τὴν πρὸς τὰς θεὰς εὐσέβειαν καὶ διὰ τὴν πρὸς τοὺς τεχνίτας ἀνυπέρθε τον εὔνοιαν διὰ τῆς ἰδίας ἐπιμελείας ἐξ ὧν ἀνεῦρεν αὐτὸς τῆι συνόδωι προσόδων τὴν κατασκευὴν τοῦ τεμένους ἐποιήσατο καὶ τὸν ἀνειρημένον ὑπὸ τῆς περιστάσεως βωμὸν αὐτὸς πάλιν κα θιδρύσατο προενοήθη δὲ ἐκτενῶς καὶ τῆς τῶν κοινῶν ἐμ πᾶσιν ἐπα νορθώσεως καὶ τὸν κύκλον τῶν δανείων μεταπαρέδωκεν ἐκβαί νων ἐκ τῶν ἐπιμελειτειῶν πολλοῖς ἐπευξημένον χρήμασιν ὥστε μὴ μόνον εἰς ἃς ἀνενεώσατο τῆι Δήμητρι καὶ τῆι Κόρηι θυσίας ἀλλὰ καὶ εἰς ἑτέρας πλείονας διὰ τὴν τούτου σπουδὴν γεγονέναι τῆι συνόδωι προσόδους βιασαμένων δὲ αὐτὸν τῶν τεχνιτῶν πάλιν τὸ τέταρτον ὑπομεῖναι ἐπιμελητὴν εἰς τὸν ἐπὶ Σελεύκου ἄρχοντος ἐνιαυ τὸν πρὸς ταῖς λοιπαῖς εἰσφοραῖς καὶ χορηγίαις καὶ ἐν Ἐλευσῖνι θύσας ἔν τε τῶι ἱερῶι καὶ ἐν ὧι πρῶτος αὐτὸς κατεσκευάσατο τεμένει ἐφ οὗ ἱδρύσατο βωμοῦ τά τε θύματα καὶ τὴν λοιπὴν χορηγίαν πᾶσαν ἐπιδεξά μενος ὑπεδέξατο τὴν σύνοδον ἐκ τῶν ἰδίων μεγαλομερῶς προσε μέρισε δὲ καὶ τὰς διατεταγμένας ἐκ τῶν κοινῶν ἡμέρας δύο καὶ ἐμ πά σαις ἐκαλλιέρησε ταῖς θεαῖς καὶ τὰς πατρίους σπονδὰς ἐπετέλεσεν πολλὰ δὲ καὶ ἄλλα ἐπολιτεύσατο καλὰ καὶ συμφέροντα τῆι συνόδωι καὶ προσεδαπάνησεν ἐκ τῶν ἰδίων ἔν τε ταῖς ἐπιμελητείαις καὶ ἱερωσύναις προκρίνων τὴν τῶν τεχνιτῶν εὔνοιαν παντὸς χρήμα τος οὐ μόνον δὲ πρὸς τὴν σύνοδον διακείμενος ἀποδοχ ῆς ἠξιώθη ἐκ τῶν νόμων καὶ
684,Εὐσέβειαν θυγατέρα Ἀριοβαρζάνου καὶ Ἀθηναΐδος τῶν ἐκ βασιλέως Ἀριοβαρζάνου Φιλορωμαίου καὶ βασιλίσσης Ἀθηναΐδος Φιλοστόργου
685,Ἀθηναΐδα θυγατέρα Ἀριοβαρζάνου καὶ Ἀθηναΐδος τῶν ἐκ βασιλέως Ἀριοβαρζάνου Φιλορωμαίου καὶ βασιλίσσης Ἀθηναΐδος Φιλοστόργου
686,Ἀθηναΐδα θυγατέρα βασιλέως Ἀριοβαρζάνου Φιλορωμαίου καὶ βασιλίσσης Ἀθηναΐδος Φιλοστόργου
687,Ἀριοβαρζάνην υἱὸν βασιλέως Ἀριοβαρζάνου Φιλορωμαίου καὶ βασιλίσσης Ἀθηναΐδος Φιλοστόργου
273,Μήδειος Μηδείου Πειραιεὺς καὶ Διφίλα Διοκλέους Μελιτέως θυγάτηρ τὴν θυγατέρα Τιμοθέαν μυηθεῖσαν ἀφ ἑστίας Δήμητρι καὶ Κόρηι ἀνέθηκαν
274,ἡ βουλὴ ἡ ἐπὶ Ἀρι σταίου ταμιεύ σαντα
275,ἡ βουλὴ καὶ ὁ δῆμος Μήδειον Μηδείου Πειραιέα τὸν ἐξηγητὴν ἐκ τοῦ γένους τοῦ Εὐμολπιδῶν εὐσεβείας ἕνεκα τῆς πρὸς τὼ θεὼ καὶ ἐπιμελείας καὶ φιλοτιμίας τῆς περὶ τὴν ἐξήγησιν τῶν ἱερῶν καὶ πατρίων Δήμητρι καὶ Κόρῃ ἀνέθηκαν ἐπὶ ἱερείας Κλεοκρατείας τῆς Οἰνοφίλου Ἀφιδναίου θυγατρός
276,ὁ δῆμος Τίτον Πινάριον Τίτου υἱὸν ἀρετῆς ἕνεκα
277,Κτησίκλεια Ἀπολλωνίου Ἀχαρνέως θυγάτηρ τὸν ἑαυτῆς ἄνδρα Σοφοκλῆν Ξενοκλέους Ἀχαρνέα δᾳδουχήσαντα Δήμητρι καὶ Κόρηι ἀνέθηκεν
278,Κτησίκλεια Ἀπολλωνίου Ἀχαρνέως θυγάτηρ τὸν ἑαυτῆς ἄνδρα Σοφοκλῆν Ξενοκλέους Ἀχαρνέα δᾳ δουχήσαντα Δήμητρι καὶ Κόρηι δὶς ἀνέθηκεν
279,ἐπὶ ἱερείας Κλεοκρατείας τῆς Οἰνοφίλου Ἀφιδναίου θυγατρός
280,ὁ δῆμος Κλεὼ Διονυσίου τοῦ Λακρατείδου Ἰκαριέως θυγατέρα
281,νεωτέρου Δήμητρι καὶ Κόρηι ἐπὶ ἱερήας Κλεοκρατήας Οἰνοφίλου Ἀφιδναίου θυγατρός
282,ἐπὶ ἱερείας Χαιρίου τῆς Διονυσίου Μαραθωνίου θυγατρός ἡ βουλὴ ὁ δῆμος ἀφ ἑστίας μυηθεῖσαν ἡ βουλὴ ὁ δῆμος κανηφορή σασαν Σα ράπιδι
283,ἡ βουλὴ κανηφο ρήσασαν Ἴσιδι ἡ βουλὴ ἀφ ἑστίας μυηθεῖσαν
284,ἐπὶ ἱερέας
285,ὁ δῆμος δαιδοῦχον Ἁγνού σιον ἀρετῆς ἕνεκεν καὶ εὐνοίας τῆς εἰς ἑαυ τὸν καὶ τῆς πρὸς τὰς θεὰς εὐσεβείας Δή μητρι καὶ Κόρηι ἀνέθηκεν
286,ὁ δῆμος Διονύσιον Ἀθηναγόρου Μελιτέα ἀρετῆς ἕνεκεν καὶ εὐνοίας τῆς εἰς ἑατὸν ἀνέθηκεν
287,Κόιντος Πομπήιος Αὔλου υἱὸς ἐποίει καὶ ἀνέθηκε σὺν ἀδελφοῖς Αὔλωι καὶ Σέξτωι Αἰῶνα εἰς κράτος Ῥώμης καὶ διαμονὴν μυστηρίων Αἰὼν ὁ αὐτὸς ἐν τοῖς αὐτοῖς αἰεὶ φύσει θείαι μένων κόσμος τε εἷς κατὰ τὰ αὐτά ὁποῖος ἔστι καὶ ἦν καὶ ἔσται ἀρχὴν μεσότητα τέλος οὐκ ἔχων μεταβολῆς ἀμέτοχος θείας φύσεως ἐργάτης αἰωνίου πάντα
288,ὁ δῆμος Ἱερόφαντιν Ἀμφίου Φιλάδου θυγατέ ρα εὐσεβήας ἕνεκεν τῆς πρὸς τὰς θεὰς ἀνέθηκεν
289,ὁ δῆμος Λεύκιον Μουνάτιον Λευκίου ὑὸν Πλάγκον αὐτοκράτορα ἀρετῆς ἕνεκα καὶ εὐεργεσίας
290,
675,Χρυσόθεμις Φαίδρου Βερενικίδου θυγάτηρ τὸν πατέρα Φαῖδρον Λυσιάδου Βερενικίδην Δήμητρι καὶ Κόρηι ἀνέθηκεν
676,Χρυσόθεμις Φαίδρου Βερενεικίδου θυγάτηρ Κόιντον Καικίλιον Πομ πωνιανὸν Ἀττικὸν τὸν ἀκουστὴν τοῦ Φαίδρου τοῦ πατρὸς αὐτῆς τὸν ἑαυτῆς φίλον καὶ εὐεργέτην Δήμητρι καὶ Κόρηι ἀνέθηκεν
677,ὁ δῆμος Λυσιάδην Φαίδρου Βερενικίδην ἐξηγητὴν πυθόχρηστον γενόμενον Δήμητρι καὶ Κόρηι
678,ὁ δῆμος Χρυσόθεμιν Φαίδρου Βερενικίδου θυγατέρα ἀρετῆς καὶ σωφροσύνης ἕνεκα Δήμητρι καὶ Κόρηι ἀνέθηκεν
292,ὁ δῆμος Σεμπρωνίαν Λευκίου θυ γατέρα Λευκίου Γελλίου Πο πλικόλα γυναῖκα ἀρετῆς ἕνεκα
293,Γάιος Κρεπέριος Γαίου ὑὸς Δήμητρι καὶ Κόρῃ
294,Μᾶρκον Τίτιον Λευκίου ὑὸν ἀρετῆς ἕνεκα καὶ εὐνοίας
295,ὁ δῆμος καὶ ἡ βουλὴ ἡ ἐξ Ἀρήου πάγου καὶ ἡ βουλὴ τῶν ἑξακοσίων τὸν ἐπὶ τοὺς ὁπλείτας στρατηγὸν Καλλικρατίδην Συνδρόμου Τρικορύσιον προνοηθέντα τοῦ περὶ τὴν πανήγυριν κόσμου ἀρετῆς ἕνεκεν καὶ φιλοτιμίας καὶ εὐσεβείας τῆς πρὸς τὼ θεώ
703,ὁ δῆμος Λιβίαν Δρουσίλλαν Αὐτοκράτορος Καίσαρος γυναῖκα
704,ὁ δῆμος Αὐτοκράτορα Καίσαρα θεοῦ Ἰουλίου ὑὸν τὸν ἁτοῦ σωτῆρα καὶ εὐεργέτην
297,Σεβαστὸν Καίσαρα Δία Βουλαῖον καὶ ὁ ἱερεὺς αὐτοῦ καὶ ἀγωνοθέτης καὶ κῆρυξ βουλῆς καὶ δήμου Καλλι κρατίδης Συνδρόμου Τρικορύσιος
298,ὁ δῆμος δαιδοῦχον Θεόφραστον δαιδούχου Θεμιστοκλέους Ἁγνούσιον ἀρετῆς ἕνεκα καὶ εὐνοίας τῆς εἰς ἑαυτὸν καὶ τῆς πρὸς τὰς θεὰς εὐσεβείας Δήμητρι καὶ Κόρηι ἀνέθηκεν
299,Λαμίδιον Ἀπολήξιδος ἐξ Οἴου θυγατέρα ὁ πατὴρ καὶ ἡ μήτηρ Λαδάμεια Λυσάνδρου Πειραιέως θυγάτηρ ἀφ ἑστίας μυηθεῖσαν Δήμητρι καὶ Κόρηι ἀνέθηκαν
300,ἀγαθῆι τύχηι τῆς βουλῆς καὶ τοῦ δήμου τοῦ Ἀθηναίων ἐ πὶ Ἀπολήξιδος ἄρχοντος ἐπὶ τῆς Πανδιονίδος ἐνάτης πρυ τανείας ἧι Μητροφάνης Διονυσίου Ἀθμονεὺς ἐγραμμάτευ εν Ἀνθεστηριῶνος δεκάτηι ὑστέραι πρώτηι τῆς πρυτανεί ας ἐκκλησία κυρία ἐν τῶι θεάτρωι τῶν προέδρων ἐπεψήφι ζεν Μηνόφιλος Σατύρου Βερενικίδης καὶ συμπρόεδροι Διότιμος Διοδώρου Ἁλαιεὺς εἶπεν ὑπὲρ ὧν οἱ κατασταθέν τες ἄνδρες ὑπὸ τοῦ Κηρύκων γένους μετὰ τοῦ ἐπὶ βωμοῦ ἱε ρέως Ἐπικράτους τοῦ Καλλιμάχου Λευκονοέως καὶ τοῦ πυρ φόρου καὶ ἱερέως τῶν Χαρίτων καὶ τῆς Ἀρτέμιδος τῆς Ἐπιπυρ γιδίας Λεοντίου τοῦ Τιμάρχου Κηφεισιέως Κηφισιέως καὶ τοῦ Κήρυκος ταῖν θεαῖν Διονυσίου τοῦ Δημοστράτου Παλληνέως καὶ τοῦ παναγοῦς κήρυκος Θεοφίλου τοῦ Μενεκράτους Χολλείδου καὶ τοῦ ἱερέως τοῦ Ἑρμοῦ τοῦ Πατρῴου καὶ κήρυκος τοῦ Ἀπόλλωνος τοῦ Πυθίου Γοργίππου τοῦ Εὐδήμου Μελιτέως καὶ τοῦ λιθοφόρου τοῦ ἱεροῦ λίθου καὶ ἱερέως Διὸς Ὁρίου καὶ Ἀθηνᾶς Ὁρίας καὶ Πο σειδῶνος Προσβαστηρίου Προσβατηρίου καὶ Ποσειδῶνος Θεμελιούχου Δωσιθέου τοῦ Κλεομένους Μαραθωνίου καὶ τῶν Ὑμναγωγῶν Ἀριστοδήμου τοῦ Ἀργείου Τρικορυσίου Μεννέου Ἀζηνιέως Φιλή μονος Μελιτέως Διότειμος Διότιμος Διοδώρου Ἁλαιεύς Ἀπόληξις Ἀπελλικῶντος ἐξ Οἴου Δημοχάρης Μενάνδρου Ἀζηνιεύς Σαρα πίων καὶ Διοκλῆς οἱ Διοκλέους Μελιτεῖς Ἀρχίτιμος Σφήττιος Θεμιστοκλῆς Ξενοκλέους Ἁγνούσιος Διονυσόδωρος Δειραδι ώτης Κιχησίας Λέοντος Αἰξωνεύς Ἀπολλώνιος Κτησικλέους Ἀχαρνεύς Δημόστρατος Διονυσίου Παλληνεύς Τιμοσθένης Τι μάρχου Κηφεισιεύς Κηφισιεύς Μένανδρος Δημοχάρους Ἀζηνιεύς Ἀρίσται χμος Ἀμμωνίου Ἀναφλύστιος Σοφοκλῆς Φιλώτου Σουνιεὺς γό νωι δὲ Διονυσοδώρου Δειραδιώτου Ἰοφῶν Διονυσοδώρου Δειρα διώτης Ἀλέξανδρος Ἀγαθοκλέους Λευκονοεύς Εὔφρων Μαρα θώνιος Σέλευκος Δημέου Ἁλαιεύς Μικίων Φιλοκράτους Πειραιεύς ποιησάμενοι πρὸς τὸν δῆμον πρόσοδον ἐμφανίζουσιν τὸν δαι δοῦχον Θεμιστοκλῆν δαιδούχου Θεοφράστου Ἁγνούσιον ἀρετῆι καὶ εὐγενείαι διαφέροντα μὴ μόνον τὸν ἑατοῦ βίον παρέχεσθαι πλείστης ἄξιον τιμῆς ἀλλὰ καὶ τῆι περὶ τὴν δαιδουχίαν ὑπεροχῆι τὸ σεμνὸν καὶ τείμιον τίμιον τῶν ἱερῶν ἐπαύξειν ἐξ ὧν τὸ περὶ τὰ μυ στήρια μεγαλοπρεπὲς περιττοτέρας ἐκπλήξεως ὑπὸ παντὸς ἀνθρώπου καὶ τοῦ προσήκοντος ἀξιοῦται κόσμου παρειληφότα τὴν εὐγένειαν καὶ τὴν ἀπ αὐτῆς ἱερεωσύνην ἐγ διαδοχῆς παρὰ τοῦ πατρὸς Θεοφράστου καὶ τοῦ πάππου Θεμιστοκλέους καὶ Σοφο κλέους ὃς ἦν τοῦ πατρὸς αὐτοῦ θεῖος καὶ Ξενοκλέους τοῦ ἐπιπάπ που ὃς ἦν ἀδελφὸς μὲν Λεοντίου θεῖος δὲ Σοφοκλέους τῶν γενο μένων ἱερέων ἐπὶ βωμοῦ καὶ Φιλοξενίδου τοῦ γενομένου μὲν πρό τερον ἱερέως ἐπὶ βωμοῦ μετὰ δὲ ταῦτα δαιδούχου τοῦ ἀδελφοῦ Κηφεισοδώρου Κηφισοδώρου τοῦ ἐπὶ βωμοῦ ἱερέως ὃς ἦν πρὸς ἀνδρῶν ἐπίπαπ πος αὐτοῦ τῶι πατρὶ Θεοφράστωι καὶ Σοφοκλέους ὃς πρὸς μητρὸς ἦν ἐπίπαππος αὐτῶι καὶ Φιλιστίδου ὃς ἦν πατὴρ μὲν Φιλοξενίδου καὶ Κηφεισοδώρου Κηφισοδώρου ἐπίπαππος δὲ Θεμιστοκλέους τοῦ πάππου αὐτοῦ ὃς γενηθεὶς ἱερεὺς ἐπὶ βωμοῦ μεταπαρέλαβεν ἐπιφανέστατα τὴν δαι ιδουχίαν δαιδουχίαν καὶ Ἀντιφῶντος ὃς ἦν μὲν ἐξ ἀνεψιῶν παίδων γεγονὼς Φι λιστίδηι κατασχὼν δὲ καὶ αὐτὸς τὴν ἐπὶ βωμοῦ ἱερεωσύνην μετα παρέλαβεν διασημότατα τὴν δαιδουχίαν καὶ Λεοντίου τοῦ Σοφο κλέους μὲν πατρός πάππου δὲ Ξενοκλέους τοῦ ἐπιπάππου αὐτοῦ καὶ πρὸ τούτων ἁπάντων Ἑρμοτείμου Ἑρμοτίμου τε καὶ Ἱεροκλείδου τῶν δαι δουχησάντων πρὸ τῆς Κηρύκων ἀναγραφῆς εἰς τὸ γραμματεῖον γενηθέντες ἔκγονοι Σήμων καὶ Ἱεροκλείδης καὶ Ἀντιφῶν κατέ σχον διὰ βίου τὴν ἐπὶ βωμοῦ ἱερεωσύνην ὧν ἑκάστου τῆς τε πρὸς τὰς θεὰς εὐσεβείας καὶ τῆς περὶ τὴν ἱερουργίαν σεμνότητος καὶ φι λοτιμίας ἐμ πολλοῖς καὶ μεγάλοις ἀγῶσιν εἰς τὸ γένος ψηφισθεῖ σαι πολλάκις ὑπό τε τῆς βουλῆς καὶ τοῦ δήμου καὶ τοῦ γένους παρ ὅ λον τὸν καιρὸν τιμαὶ καὶ καθιερωμέναι παρὰ ταῖς θεαῖς αὐταῖς ἰκό νες ἐναργεῖς ἑστᾶσιν ἀποδίξις πάντα δὲ πράττοντα τῆς τοῦ γέ νους αὐξήσεως ἕνεκα καὶ τῶν προσηκόντων τιμίων αὐτῶι τε καὶ ἑκά στωι τῶν ἐκ τοῦ γένους ἱερέων σπουδάσαντα περὶ τὴν τῶν πατρί ων ἐπίγνωσιν καὶ τὴν ἴδησιν ἐσχηκότα μὴ μόνον ἐκ τῆς περὶ τὴν οἰ κίαν γεγονυίας ἐπὶ πολλὰς γενεὰς αὐτῶι δαιδουχίας ἀλλὰ καὶ τῆς περὶ αὐτὸν φιλοτειμίας φιλοτιμίας εἰς τὴν τῶν ἐκλελειμμένων πατρίων ἀπό κτησιν ἐπιπεσούσης τῆς περὶ τὰς ἀπογραφὰς ζητήσεως πολλὰ καὶ μεγάλα διαπεπράχθαι ἐξ ΙΙΙΤΟΓΕν προσήκουσαν
679,ὁ δῆμος δαιδοῦχον Θεόφραστον δαιδούχου Θεμιστοκλέους Ἁγνούσιον ἀρετῆς ἕ νεκα καὶ εὐνοίας τῆς εἰς ἑαυτὸν καὶ τῆς πρὸς τὰς θεὰς εὐσεβείας Δήμητρι καὶ Κόρηι ἀνέθηκεν
680,ὁ δῆμος δαιδοῦχον Θεμιστοκλῆν δαιδούχου Θεο φράστου τοῦ δαιδούχου Θεμιστοκλέους Ἁγνού σιον ἀρετῆς ἕνεκεν καὶ εὐνοίας τῆς εἰς ἑαυτὸν καὶ τῆς πρὸς τὰς θεὰς εὐσεβείας Δήμητρι καὶ Κόρηι ἀνέθηκεν
681,ὁ δῆμος Σοφοκλῆν Θεοφράστου Ἁγνούσιον ἀρετῆς ἕνεκα καὶ εὐσεβείας ἀνέθηκεν
301,ὁ δῆμος δαιδοῦχον Θεόφραστον δαιδούχου Θεμιστοκλέους Ἁγνούσιον ἀρετῆς ἕ νεκα καὶ εὐνοίας τῆς εἰς ἑαυτὸν καὶ τῆς πρὸς τὰς θεὰς εὐσεβείας Δήμητρι καὶ Κόρηι ἀνέθηκεν ὁ δῆμος δαιδοῦχον Θεμιστοκλῆν δαιδούχου Θεο φράστου τοῦ δαιδούχου Θεμιστοκλέους Ἁγνού σιον ἀρετῆς ἕνεκεν καὶ εὐνοίας τῆς εἰς ἑαυτὸν καὶ τῆς πρὸς τὰς θεὰς εὐσεβείας Δήμητρι καὶ Κόρηι ἀνέθηκεν ὁ δῆμος Σοφοκλῆν Θεοφράστου Ἁγνούσιον ἀρετῆς ἕνεκα καὶ εὐσεβείας ἀνέθηκεν
302,ὁ δῆμος δαιδούχου Θεμιστοκλέους τοῦ δαιδούχου Θεοφράστου τοῦ δαιδύχου Θεμιστοκλέους Ἁγνούσιον μυηθέντα ἀφ ἑστίας Δήμητρι καὶ Κόρηι ἀνέθηκεν
303,Σοφοκλῆν Θεμιστοκλ
304,Ἀντίοχος Δημητρίου Ἀντιοχεὺς ἐπόησεν
305,ἡ βουλὴ καὶ ὁ δῆμος Πολύαινον Νικάνδρου Σουνιέα ἀρετῆς ἕνε κεν καὶ εὐσεβείας ἀνέθηκαν
306,Θεοφίλη Κουροτρόφωι χαριστήριν
307,κλείδης ΔΙ καὶ Φαιναρέτη Ἀττ θυγάτηρ τὴν ἑαυτῶν θυγατέρα Διοτίμαν ἀφ ἑστίας μυηθεῖσαν Δήμητρι καὶ Κόρῃ
308,ὁ δῆμος Διόδοτον Καλλιφῶν τος Παμβωτάδην
309,Σωσίβιος ἐποίησεν
310,ΛΘΗ Ε Ἱππαρχο θου τὰς αὐτὰς Γ κύριον δὲ εἶναι τοῦτ
311,Ι ἔργα τ Ι τῶν πολιτῶν ς ἅπασιν ν ἐπίγνωσιν τωι μὲν το ΑΣΓΠ ΑΗΑ τὰ μστήρια Η ατερ οτι ου θε γένει να
312,ἡ βουλὴ ἡ ἐξ Ἀρείου πάγου Διονύσιον Διονυσίου ἀρετῆς ἕνεκεν καὶ
313,Ι ἐξηγητ ἕνεκα
314,Ο Δήμητρι καὶ Κόρῃ ἀνέθηκ
315,τοῦ δήμου Ἐλευσεῖνι ου Διοδοτο τύχηι ἀγαθῆι
316,ΛΙΣΟΥΕ ἀρετῆς ἕνεκα καὶ ΠΤΙ
317,ΙΙ ἐκ Σκαμβωνιδῶν ωνα τὸν ἑαυτ υἱὸν ἀφ ἑστίας μυηθέντα Δήμητρι καὶ Κόρῃ ἐπὶ ἱερείας Ἰθάκης
318,α μυηθέντα ἀφ ἑστίας ταῖν Θε αῖν
319,ἀφ ἑστίας μυη θε Δήμητρι καὶ Κόρηι ἀνέθηκαν
320,Ἀττικὸς
321,ΟΣΘ ότου
322,ἐκ Κοίλης
323,ἡ βουλὴ ἡ ἐξ Ἀρήου πάγου καὶ ὁ δῆμος καὶ ἡ βουλὴ τῶν ἑξακοσίων Ἀθηνὼ Νικήτου Ἁγνουσίου θυγατέρα ἀφ ἑστίας μυηθεῖσαν ἣν ἡ μήτηρ Ἀθηνὼ ταῖν Θεαῖν ἀνέθηκεν
324,ἡ βουλὴ ἡ ἐξ Ἀρήου πάγου καὶ ἡ βουλὴ τῶν ἑξακοσίων καὶ ὁ δῆμος καὶ τὸ γένος τὸ Εὐ μολπιδῶν τὸν ἐξηγητὴν Παμ μένην Παμμένους Μαραθών ιον ἀρετῆς καὶ σωφροσύνης ἕνεκα καὶ τοῦ περὶ τὰς Θεὰς κόσμου
325,ὁ δῆμος ἱερόφαντιν Μοσχ αμίου Ἀφιδναίου θυγατέρα εὐ σεβήας ἕνεκεν
326,ὁ δῆμος δωρον Παιανιέα
327,ἡ βουλὴ ἡ ἐξ Ἀρείου πάγου καὶ ὁ δῆμος Ἀνταμένην Λεοντίχου Ἐπιεικίδην
328,Διώνη Προ σπαλτῆθεν Πασι κράτους ἄλο χος εὐχὴν Κου ροτρόφῳ ΙΝΛΑ
329,ἡ βουλὴ Ὀκνίαν Πολυχάρμου Ἀζηνιέως θυγατέρα μυηθεῖσαν ἀφ ἑστίας
330,ὁ δῆμος Πολύχαρμον Πολυκρίτου Ἀζηνιέα ἀρετῆς ἕνεκεν
331,Τιβέριον Καίσαρα Σεβαστὸν Ἐ λευσείνιος καὶ ἄρχων ἐ πώνυμος καὶ κ καὶ ἱερεὺς Ἀσκληπιοῦ διὰ βίου Θεόφιλος Εὐδόξου Ἐλευσείνιος καὶ τὸν ἴδιον εὐεργέτην
332,Τιβέριον
333,τὸν ἱερέα συνκλήτου Ῥωμαίων καὶ Δήμου καὶ Χαρίτων ἄρξαντα τὴν ἐπώνυμον ἀρχὴν Μένανδρον Ἀσκληπιοδώρου Γαργήττιον
334,Τιβέριον Καίσαρα Σεβαστὸν ἡ βουλὴ ἡ ἐξ Ἀρίου πάγου καὶ ἡ βουλὴ τῶν ἑξακοσίων καὶ ὁ δῆμος ἐπὶ ἱερείας Κλεοῦς τῆς Εὐκλέους Φλυέως θυγατρός ἐπιμεληθέντος τῆς ἀναθέσεως Παπίου Μαραθωνίου ἱερέως ὄντος διὰ βίου Παπίου Μαραθωνίου
335,Ἰουλίαν Σεβαστὴν ἡ βουλὴ ἡ ἐξ Ἀρείου πάγου καὶ ἡ βουλὴ τῶν ἑξακοσίων καὶ ὁ δῆμος ἐπὶ ἱερείας Κλεοῦς τῆς Εὐκλέους Φλυέως γόνωι δὲ Νικοδήμου Ἑρμείου θυγατρός ἐπιμεληθέντος τῆς ἀναθέσεως Πραξαγόρου ἱερέως ὄντος διὰ βίου Πραξαγόρου
336,Τιβερίου Καίσαρος Σεβασ τοῦ Καίσαρος Σεβαστοῦ υἱοῦ ἐξηγητὴν ἐξ Εὐμολπιδῶν ν Μαραθώνιον ιος Αὖλος Μαραθώνιος τὸν ἑαυτοῦ εὐεργέτην
337,ἐξηγητὴν ἐξ Εὐμολπιδῶν ιος Αὖλος Μαραθώνιος
338,Αὖλος Μαραθώνιος πατέρα
339,Μαραθώνιο
340,ἡ βουλὴ ἡ ἐξ Ἀρείου πάγου καὶ ἡ βουλὴ τῶν ἑξακοσίων καὶ ὁ δῆμος
341,ἱέρεια Δήμητρος καὶ Κόρης Κλεὼ Εὐκλέους Φλυέως θυγάτηρ γόνωι δὲ Νικοδήμου Ἑρ μείου καὶ ἱερεὺς τοῦ Δήμου καὶ ἱερεὺς Σεβαστῆς Δικαι οσύνης ἀνέθηκαν Δήμητρι καὶ Κόρηι καὶ Σεβαστῆι Δικαιοσύνηι καὶ τῶι Δήμωι
342,Κλεὼ Εὐκλέους Φλυέως θυγάτηρ γόνωι δὲ Νικοδήμου Ἑρμείου Δήμητρι καὶ Κόρηι
343,σκ καὶ ἐπωνύμου τῆς πόλεως ἡ ἱέρεια τῆς Δήμητρος καὶ τῆς Κόρης Κλεὼ Εὐκλέους Φλυέως
344,τὸν ἀρχιερέα Τιβερίου Καίσαρος Σεβαστοῦ καὶ ἱερέα πατρῴου Ἀπόλλωνος Πολύχαρμον Εὐκλέ ους Μαραθώνιον Εἵ μερτος Πολυχάρμου Μαραθώνιος τὸν ἑαυ τοῦ εὐεργέτην ἐπὶ ἱερείας Κλεοῦς τῆς Εὐκλέους Φλυέως θυγατρός
345,ἡ ἐξ Ἀρείου πάγου βουλὴ καὶ ἡ βου λὴ τῶν ἑξακοσίων καὶ ὁ δῆμος Τίτον Στατείλιον Στατειλίου υἱὸν Τειμοκράτους Λαμπρίαν
346,Κλεοπάτρα Ἰοφῶντος Δειραδιώτου θυγάτηρ καὶ Διονυσόδωρος Διονυ σοδώρου Σουνιεὺς ἀνέθηκαν εὐσεβείας ἕνεκα εἰς τὰς Θεάς
682,ἡ βουλὴ ἡ ἐξ Ἀρήου πάγου Πόπλιον Παπίνιον Στάτιον ποιητὴν ἀρετῆς ἕνεκα καὶ εὐνοίας τῆς εἰς ἑαυτόν
683,ὁ δῆμος ον ἀνθύπατον ἀρετῆς ἕνεκα καὶ εὐνοίας τῆς εἰς ἑαυτήν
348,ἡ βουλὴ ἡ ἐξ Ἀρείου πάγου καὶ ἡ βουλὴ τῶν ἑξακοσίων καὶ ὁ δῆμος Διοκλέα Θεμισ τοκλέους δᾳδούχου Ἁγνούσιον φιλοκαί σαρα καὶ φιλόπατριν ἀρετῆς ἕνεκα
349,ἡ βουλὴ ἡ ἐξ Ἀρείου πάγου καὶ ἡ βουλὴ τῶν ἑξακοσίων κ αὶ ὁ δῆμος Ἀθηναΐδα Διοκλέους τοῦ Θεμιστοκλέους δᾳδούχου Ἁγνουσίου φιλοκαίσαρος καὶ φιλ οπάτριδος θυγατέρα ἡρωείνην σωφροσύνης ἕνεκα
350,Μᾶρκον Πόρκιον Κάτωνα Εὐμολπίδην
351,ἡ ἐξ Ἀρείου πάγου βουλὴ καὶ ἡ βουλὴ τῶν Χ καὶ ὁ δῆμος Σείλωνα Ἀπολλωνίου Μελιτέα μυηθ έντα ἀφ ἑστίας ἐπιμεληθέντος τῆς ἀναθέσε ως τοῦ πατρός Ἀπολλωνίου τοῦ Σίλωνος Μελι τέως
352,ἡ ἐξ Ἀρείου πάγου βουλὴ καὶ ἡ βουλὴ τῶν ἑξακοσίων καὶ ὁ δῆμος Γάιον Καικίλιον Κάσιον Ἀχαρνέα ἀρετῆς ἕνεκεν
353,ἡ βουλὴ ἡ ἐξ Ἀρείου πάγου καὶ ἡ βουλὴ τῶν Χ καὶ ὁ δῆμος Στατιλίαν αν Στατιλίου Σφηττίου θυγατέρα ἀρετῆς ἕνεκα αἰτησα μένου τοῦ πατρός ΟΣΤ ΟΣ
354,ὁ ἱερεὺς αὐτῆς Τιβέριος Κλαύδιος Εὐκλῆς Σωστράτου Ἰουλίαι Σεβαστῆι
355,ὁ ἱρεὺς Τιβέριος Κλαύδιος Εὐκλῆς Σωστράτου τὸν ἀδελφὸν ἀρετῆς ἕνεκεν καὶ
356,ἀρχιερέα Σε βαστ καὶ ἀγωνοθέτην τῶν Με γάλων Καισαρήων Σεβα στῶν καὶ Παναθηναίων Σεβαστῶν καὶ στρατη γήσαντα ἐπὶ τὰ ὅπλα ΟΣ
357,Γάϊος Ἰούλιος Πόλχος Σουνιεὺς ἀνέθηκε Δήμητρι καὶ Κόρῃ μυηθέντα ἀφ ἑστίας Τιβέριον Κλαύδιον Δημόστρα τον Τιβερίου Κλαυδίου Νεικοτέλους υἱὸν καὶ Κλαυδίας Φιλίππης τῆς Λυ κούργου Παλληνέως θυγατρός
358,καὶ κηρυκεύσαντα καὶ γυμνασιαρχήσαντα δὶς καὶ ἀγωνοθετήσαντα τῶν μεγάλων Καισαρήων Σεβασ τῶν καὶ στρατηγήσαντα ἐπὶ τοὺς ὁπλείτας δὶς φιλο καίσαρα καὶ φιλόπατριν Κλαύδιον Ἀσκληπιόδῳρον Γαργήττιον Κλαυδία τὸν ἑαυτῆς πατέρα ταῖν θεαῖν ἀνέθηκε ἐπὶ ἱερείας Κλεοῦς τῆς Εὐκλέους Φλυέως γόνῳ δὲ Νικοδήμου Ἑρμείου
359,ἐξηγητὴν ἐξ Εὐμολπιδῶν Τιβέριον Κλαύδιον νιον ἀρετῆς ἕνεκα
360,ἀμετάθετον κα ς γεγρα αὖθις ἐσομένων μαι τοὺς αἰῶνας ὑποτίθηται ἢ πωλήσῃ ἢ καθ ὃν δήποτε οὖν τρό πον τὰς προσόδους εἰς ἄλλο τι μεταθῇ ἢ καθὸ σύνφω ν ε ὀνόματι μισθώσεως ἢ ἐφευρεμάτων ἢ σει τωνιῶν ων ἢ εἰς πλείονα χρόνον μισθῶσαι τολμήσῃ τὴν ἐτῶν προσθέσει τὴν τῆς τετραετίας μίσθω σιν ᾑτινιοῦν προφάσει χρησάμενος ω ἡ Σαλαμει ν τοῦ Ῥωμαίων αἰραρίου καὶ ἐξέστω τοῖς δημιουρ γοῖς ην ποιοῦσι τὴν τειμὴν εἰς λαμβάνειν τὸ με εἰσηγησαμένων ἐ κριτον τοῖς ἱερ οσυλίας τῶι Ῥωμαίων αἰραρίῳ φυ λαχθῆναι ἡ βουλὴ τῶν Ἀρεοπαγει τῶν καὶ ὃ Ἰούλιος Νικ άνωρ ίαν ἀφαιρε θῆναι τῆς πόλεως ὁμολογούμενον πρὸς Σαλαμεῖνος ἢ ἀν τρόπον μετὰ ἐκείνων τῶν πόρων συν Σαλαμεινιακῆς ήσεως εἰς τὴν ἐπὶ τ ιν καὶ τοῖς με τὰ τὴν αὐτοῦ τελευτὴν κατὰ φυλὴν ψήφωι πρὸς ἅπαντα ονωνχ ἐνγείνεσθαι ὑπὸ Ἰουλίου Νικάνορος καί τῶν μετ αὐτὸν τΙ ν μηδενὸς ἔχοντος ἐξουσίαν τοῦ τὴν τεταγμένην ὀγδόην ν τῶν γεωργ ούντων τῶν ἐν τῆι νήσωι καθάπερ καὶ εἶχον λιν συνκτή σεως τὴν ἐξουσίαν τ γενημάτων ὀπ συγχωρηθείσης αὐ τοῖς ἀτελείας καὶ νῦν φυλαττομένῃς τῶν ε καὶ τῶν εἰς τὴν Ἐλευσῖνα ἐπὶ πράσει φερομένων καὶ ὅτι ἄλλο ὁ δῆμος ὁ Ἀθη ναίων ΣΠΙΣΕ ΣΚΕΥΑΣΗ τ ν ὑποπείπτε ιν ΟΜΗΣΕΝ τ αὐξήσεως ποτε π φθη τι εἰς ομένων έσεως α ομενον ταυ τα ἀνετέθη ἐν γράμματο ς νόμιμον Ἀσκληπιῶι καὶ Ἀθηναίων κτ διων ἀπ χειροτο νημένον ντων φο αὐτὸν τῶν γεωργοῦντας ἐ ν τη Ἰουλίωι Νικάνορι αν ἐὰν ἴωσιν ν καὶ μετὰ προσθέσεως ὁ τῶν ἐσο μένων τὸ σύνφωνον νη τὸν με προσόδους εμε οπον ἢ παρε ηματ αμμε ἐπιμελη σ
361,ΙΟ ἀναθέντα τὰ ἐν αὐτῷ ἀγάλματα τῶν Σεβασ τῶν ἐκ τῶν ἰδίων καὶ ἀρχιερέα πρῶτον γενόμε νον τῶν Σεβαστῶν ἀνέθηκαν
362,ἡ ἐξ Ἀρείου πάγου βουλὴ καὶ ἡ βουλὴ τῶν ἑξακοσίων καὶ ὁ δῆμος ὁ Ἀθηναίων Ἰού λιον Νικάνορα νέον Ὅμηρον καὶ νέον Θεμιστοκλέα
363,Αὐτοκράτορος ὁ ἀρχιερεὺς τῶν Σεβαστῶν
364,Τιβέριος Κλαύδιος Ἡρώδου υἱὸς Ἵππαρχος Μαραθώνιος τὴν ἑαυτοῦ θυγατέρα Κλαυδίαν Ἀλκίαν μυηθεῖσαν ἀφ ἑστίας Δήμητρι καὶ Κόρῃ ἐπὶ ἱερείας Κλεοῦς τῆς Εὐκλέους Φλυέως γόνῳ δὲ Νεικοδήμου Ἑρμείου θυγατρός
365,Τίτον Φλάουιον Σοφο κλέα Σουνιέα Τίτου Φλαουίου Κόνωνος υἱὸν μυηθέντα ἀφ ἑστίας ἡ τή θη Φλαουία Σοφία Δήμητρι καὶ Κόρηι ἀνέθηκεν
366,Τίτον Φλάουιον Κόνωνα Κόνωνος Σουνιέα Φλαουία Σοφία Ποπλίου Λικιννίου Ἀττικοῦ ἐξ Οἴου θυγάτηρ τὸν ἑαυτῆς υἱὸν Δήμητρι καὶ Κόρῃ ἀνέθηκεν
367,Τίτον Φλάουιον Σοφοκλέα Κόνωνος Σουνιέα Φλαουία Σοφία Ποπλίου Λικιννίου Ἀττικοῦ ἐξ Οἴου θυ γάτηρ τὸν ἑαυτῆς υἱὸν Δήμητρι καὶ Κόρῃ ἀνέθηκεν
368,Ι ἐξ Οἴου θυγάτηρ Δήμητρι καὶ Κόρῃ ἀνέθηκεν
369,Κλαυδία Τατάριον Μενάνδρου Γαργηττίου θυγάτηρ ἱέρεια τῆς Δήμητρος καὶ τῆς Κόρης ἐπιμεληθέντων τῆς κατασκευῆς καὶ καθιερώσεως
370,Πούπλιος Φούλβιος Μάξιμος Σουνιεὺς μυηθέντα ἀφ ἑ στίας Πούπλιον Φούλβιον Μη τρόδωρον τὸν ἑαυτοῦ υἱὸν Δή μητρι καὶ Κόρῃ ἀνέθηκεν
371,ἱερόφαντιν τῆς Νεω τέρας Κλαυδίαν Φιλοξέναν Τιβερίου Κλαυδίου Πάτρωνος Μελιτέως θυγατέρα ἀργυρώσασαν τὸν βωμὸν τῆς νεωτέρας Θεοῦ ἐπιμεληθέντος τῆς ἀναθέσεως τοῦ υἱοῦ αὐτῆς Τιβερίου Κλαυδίου Λυσιάδου τοῦ Τιβερίου Κλαυδίου Πάτρωνος υἱοῦ Μελιτέως ἐπὶ ἱερείας Κλαυδίας Τιμοθέας
372,κατὰ τὸν Ἀρεοπαγειτῶν ὑπομνηματισμόν ἐπὶ ἱερείας Κλαυδίας Τειμοθέας τῆς Τειμοθέου Γαργηττίου θυγατρός
373,Κλαύδιος καὶ Κλαυδία Γάιον Κλαύδιον Σειλι ανὸν Πολύκριτον τὸν υἱὸν μυηθέντα ἀφ ἑστίας ταῖν Θε αῖν ἀνέθηκαν ἐπὶ ἱερείας Κλαυδίας Τειμοθέας τῆς Τειμο θέου Γαργηττίου θυ γατρός
374,Ζώπυρον Πιραιέα μυηθέντα ἀφ ἑστίας ἐπὶ ἱερείας Κλαυδίας Τειμοθέας
375,ἕνεκεν ἐπὶ ἱερείας Κλαυδίας Τιμοθέας τῆς Τιμοθέου Γαργηττίου θυγατρός
376,ἐπὶ ἱερείας Κλαυδίας Τιμοθέας
377,Ἀμμώνιος Χολλείδης τὴν γενομένην ἑαυτοῦ γυναῖκα καὶ ὁ κῆρυξ τῆς ἐξ Ἀρείου πάγου βουλῆς Θράσυλλος Ἀμμωνίου Χολλείδης τὴν ἑαυτοῦ μητέρα ἀνέθηκαν ἀρετῆς ἕνεκεν καὶ τῆς πρὸς τὰς Θεὰς εὐσεβείας
378,ἡ βουλὴ ἡ ἐξ Ἀρείου πάγου καὶ ἡ βουλὴ τῶν Χ Ἐράτωνα Ἐράτωνος Βησαιέα ἀρετῆς ἕνεκεν
379,θυγάτηρ ἱέρηα τῆς Δήμητρος καὶ τῆς Κόρης καὶ τὰ γένη ἐξ ὧν αἱ ἱέρειαι γίγνονται δαι Φιλλεῖδαι εὐσεβείας ἕνεκα καὶ τῆς εἰς αὐτὰ εὐεργεσίας
380,κούρην υἱῆος περιώνυμον Ἱερόφαντις θῆκε Θεαῖς ἰδίαις μύστιν Ἀθηναΐδα
381,ὁ δῆμος ππον Ἡρακλείτου Γαργήττιον ἀρετῆς ἕνεκεν καὶ σωφροσύνης
382,Κλαύδιον Θεόφιλον καὶ Κλαύδιον Σώστρατον
383,ἡ βουλὴ ἡ ἐξ Ἀρείου πάγου καὶ ἡ βουλὴ τῶν Χ καὶ ὁ δῆ μος Τίτον Φλαούιον
384,Λούκιον Πομπήιον ου
385,Λούκιον Πομπήιον Πομπηίου
386,Ἀγαθοκλῆς Κηφεισιεὺς ἐποίει
387,ΙΙΛΙ Διονυσίου Φαληρέως θυ γάτηρ ἀνέθηκε
388,Φρεαρριο ν Θεμιστοκλ φ
389,ἡ βουλὴ ἡ ἐξ Ἀρείου πάγου καὶ ἡ βουλὴ τῶν ἑξακοσί ων καὶ ὁ δῆμος Τρύφωνος Φυλάσιον ἀρε τῆς ἕνεκεν αἰτησαμένων τῶν γονέων Τρύφωνος Φυλασίου καὶ Ἄβαντος Ἀχαρνέ ως θυγατρὸς Δήμητρι καὶ Κόρηι ἀνέθηκαν
390,Ἀρτέ μιδι
391,ΑΟ ῶν θυγάτηρ μυηθεῖσαν ἀφ ἑστίας Δήμητρι καὶ Κόρηι ἀνέθηκαν
392,ἀγαθῆι τύχηι ς Μύστης αρχος τιος
393,ν Πολ ιέα μυηθέντα ἀφ ἑστίας
394,ἡ βουλὴ κανηφο ρήσασαν Διονύσῳ Ληναίωι
395,Κλαυδίαν θυγατέρα μυηθεῖσαν ἀφ ἑστίας ἐπὶ ἱερείας Διώνης Κλαυδίαν θυγατέρα μυηθεῖσαν ἀφ ἑστίας ἐπὶ ἱερείας Διώνης
396,ὁ δῆμος δους Ἁμαξαν τέως θυγατέρα μυηθεῖσαν ἀφ ἑστίας
397,Ζωσίμου Κυδα ἡ γυνὴ όκλεια Μητροδώρου θυγάτηρ καὶ ὁ ὑὸς Μητρόδωρος καὶ ἡ θυγάτηρ Ἀντιὼ Δήμητρι καὶ Κόρῃ ἀνέθηκαν
398,Κουρτίαν Στρατονίκην ἐκ Βησαιέων τοῖν Θεοῖν Δημήτριος
399,οὔνομα Καλλιστώ μήτηρ δέ με Καλλίκλεια θυγατέρα ἰφθείμην εἵσατο Καλλιμάχου τοῦτο δὲ πατρὶ φίλωι μοι Ἀρήιος ὤπασεν ἕδρη ἐς γέρας ἀθανάτων ἱστά μεθ ἀγχίθυροι Δηοῦς καὶ Κούρης δαιδηφό ρου οὐδέ με νύκτες λήσοντ ἠελίου κάλλει λαμπόμεναι
400,Ἀπολλώ νιος Φλυ εὺς Ἰάχχῳ εὐχήν
401,Φλαουία Παμφίλη Κουροτρό φῳ εὐχήν
402,ἡ ἐξ Ἀρείου πάγου βουλὴ καὶ ἡ βουλὴ τῶν καὶ ὁ δῆμος ὁ Ἀθηναίων Τίτον
403,ς Εὐβίου ἐγ Μυρρινούττης ἀνέθηκεν
404,Δήμητρι καὶ Κόρῃ καὶ Κόνωνος υἱὸς θη ς καὶ τῶι ἕνεκα
405,ος καὶ ΥΑΣΙ διαδο ἐπὶ ἱερείας τῆς θυγατρός
406,Ι ἀνέθηκ ἐπὶ ἱερείας άμας τῆς Μ θυγατρός
407,Α ου ὑὸν ρινο ο
408,Ο ίων μ ον κα Ι Κινέ
409,τέως Ε ΙΟΣΗΣΙ Σ
410,ὁ δῆμος ὁ Ἀθηναίων καὶ ἡ ἐξ Ἀρείου πάγου βουλή Ι
411,ἐκ τῶν ἰδίων
412,Σεβαστο ς Ἀρειο ἐπιμεληθέντος ΟΙΟΥ ΙΑΟ Ἐλευσῖνι Τ
413,ΛΙΩΝΑΦ
414,Ο ἀφ ἑστίας μυηθέντα ἀνέθηκεν ψηφισαμένης τῆς πόλεως
415,Ἀγαθῆι Τύχηι
416,Κ θυγατέρα μυηθεῖσαν ἀφ ἑστίας ἀνέθηκεν ταῖν Θεαῖν
417,τα προ
418,Λ Ἰουλίου
419,ἀντιστρατηγ Σεβαστ
420,Ἀντιοχο
421,ὁ δῆμος ὁ Ἀθηναίων εα τ λη
422,Σεβαστ Σεβαστο
423,βασιλεύσαντα ἀγωνοθετήσαντα τῶν μεγάλων καὶ τ
424,Σεβαστο
425,α καὶ Μ ἱερέως ἐξηγητ στρατηγήσαντος ἐπὶ τὰ ὅπλα υἱὸν Ι τοῖν Θεοῖν μ
426,ΙΑ ΤΑ τοῦ Κλαυδίου Διονυ σ λις Σα ΞΕ εἵνεκεν τῆς εἰς τὸν δῆμον καὶ εὐσεβείας τῆς περὶ τὸ ἱερόν τη Μεμμι Α
427,ἡ ἐξ Ἀρείου πάγου βουλὴ καὶ ἡ βουλὴ τῶν
428,ΣΙ ΙΑΤ ου τὴν ἑαυτῶν τήθην ΟΣΗ
429,εὺς καὶ ἡ τήθη έως θυγάτηρ ἀνέθηκαν Δήμη τρι καὶ Κόρηι
430,Κλαύδιον Δ
431,μυηθεῖσαν ἀφ ἑστίας θυγατέρα οἱ γονεῖς
432,ΙΕΑ ατου γυνὴ ὑπὲρ ἑαυτῆς καὶ τῶν τέκνων καὶ τοῦ ἀνδρὸς καὶ τῶν θρεμμάτων ἀνέθηκε
688,Πόση Ποσέους Μαραθω νίου θυγάτηρ τὴν ἑαυ τῆς τήθην Ἱερόφαντιν Νεωτέρας Περικλέους ἐξ Οἴου θυγατέρα τὴν ἀπὸ Περικλέους ταῖν Θε αῖν εὐσεβείας ἕνεκεν ἐπὶ ἱερείας Φλαουίας Λαοδαμεί ας τῆς Κλείτου Φλυέως θυγα τρός
689,Τιβέριον Κλαύδιον Ἱεροφάντην Καλλικρατίδου Τρικορύσιον ἔπαρχον ἀρχιτεκτόνων δήμου Ῥωμαίων γενόμενον ἔπαρχον σπείρης Ἱσπανῶν δευτέρας ἄρξαντα τὴν ἐπώνυμον ἀρχὴν ἐπὶ μεδίμνῳ καὶ δεκαπέντε δραχμαῖς κηρυκεύσαντα τῆς ἐξ Ἀρείου πάγου βουλῆς κήρυκα βουλῆς καὶ δήμου γενόμενον ἐπὶ δηναρίοις δυσί ἐπιμελητεύσαντα τῆς πόλεως ἀγωνοθετήσαντα γυμνασιαρχήσαντα στρατηγήσαντα πρεσβεύσαντα πολλάκις Ἐλευσεινίαις Θεαῖς εὐσεβείας ἕνεκεν ἐπὶ ἱερείας Φλαουίας Λαοδαμείας τῆς Κλείτου Φλυέως θυγατρός
433,Πόση Ποσέους Μαραθω νίου θυγάτηρ τὴν ἑαυ τῆς τήθην Ἱερόφαντιν Νεωτέρας Περικλέους ἐξ Οἴου θυγατέρα τὴν ἀπὸ Περικλέους ταῖν Θε αῖν εὐσεβείας ἕνεκεν ἐπὶ ἱερείας Φλαουίας Λαοδαμεί ας τῆς Κλείτου Φλυέως θυγα τρός Τιβέριον Κλαύδιον Ἱεροφάντην Καλλικρατίδου Τρικορύσιον ἔπαρχον ἀρχιτεκτόνων δήμου Ῥωμαίων γενόμενον ἔπαρχον σπείρης Ἱσπανῶν δευτέρας ἄρξαντα τὴν ἐπώνυμον ἀρχὴν ἐπὶ μεδίμνῳ καὶ δεκαπέντε δραχμαῖς κηρυκεύσαντα τῆς ἐξ Ἀρείου πάγου βουλῆς κήρυκα βουλῆς καὶ δήμου γενόμενον ἐπὶ δηναρίοις δυσί ἐπιμελητεύσαντα τῆς πόλεως ἀγωνοθετήσαντα γυμνασιαρχήσαντα στρατηγήσαντα πρεσβεύσαντα πολλάκις Ἐλευσεινίαις Θεαῖς εὐσεβείας ἕνεκεν ἐπὶ ἱερείας Φλαουίας Λαοδαμείας τῆς Κλείτου Φλυέως θυγατρός
434,ἐπὶ ἱερείας Φλαουίας Λα δαμίας τῆς Κλείτου Φλυέως θυγατρός Σώτας Ἀνδ ἐποίει
435,Εὐμολπιδῶν καὶ Λυκομιδῶν τὰ γένη διὰ βίου ἐν Ἐλευσεῖνι μὲν τῶν Ἁλῴων ἐν Σάμῳ δὲ τῆς ως εὐσεβείας ἕνεκα τῆς πρὸς τὰς θεὰς ἀνέθηκαν ἐπὶ ἱερείας Φλαουίας Λαοδαμείας τῆς Κλείτου Φλυέως θυγατρός
436,ΙΙ τὸν ἑαυτοῦ θεῖν ἀνέθη καν ἐπὶ ἱερείας Φλαουίας Λαοδαμείας τῆς Κλείτου Φλυέως θυγατρός
437,ἐπὶ ἱερείας Φλαυίας Λαοδαμίας τῆς Κλείτου Φλυέως θυγατρός
438,Τιβέριον Κλαύδιον Ἀττικὸν Ἡρώδην Κλαυδίου Ἀττικοῦ τοῦ ἀρχιερέως ἀπὸ προγόνων υἱὸν καὶ Βιβουλλίας Ἀλκίας υἱὸν Ἑλλά δος κατὰ τὸ δόγμα τῆς Κορινθίων βουλῆς Κοκκήιος Κηνσωρεῖνος
439,ἀγαθῆι τύχηι Ἄγριον Σατουρνῖνον τὸν κράτιστον ἡ ἐξ Ἀρείου πάγου βουλὴ τῆς ἐν Ἐλευσεῖνι στάσεως καταξιώσασα ἀρετῆς εἵνεκα καὶ λόγων καὶ τῆς περὶ τὼ θεὼ τοῖν θεοῖν εὐσε βείας
440,ψηφισαμένης τῆς πόλεως Αἰλίαν Λυσιστρά την ἐκ Κεραμέων τὴν αὑτοῦ γυναῖκα Λουκίου Πο ου Ὀτακίλι
441,ἀγαθῇ τύχῃ κατὰ τὰ δόξαντα τῇ ἐξ Ἀρείου πάγου βου λῇ καὶ τῇ βουλῇ τῶν Χ τὸν ἀφ ἑστίας μυη θέντα Ἀθήναιον τὸν καὶ Ἐπαφρόδειτον Ἀ θηναίου περιοδονεί κου υἱὸν Φλυέα παῖς μὲν ἐὼν ὄνομ ἔσχον Ἀθήναιος αὐξόμενον δὲ ὠνόμασαν τοκέες δῖον Ἀθηνόφιλον
442,Οὐιψανία Λαιλιανὴ Λουκίου Οὐιψανίου Αἰολίωνος Φλυ έως ἐξηγητοῦ θυγάτηρ τὸν αὑτῆς υἱὸν Τίτον Οὐιψάνιον Φλαβιανὸν Κηφεισιέα μυηθέντα ἀ φ ἑστίας ἀνέθηκεν ἐπὶ ἱερείας Φλαουίας Λαοδαμείας τῆς Κλεί του Φλυέως θυγατρός
443,παναγῆ ἱερέα Ἡροξένου Μαραθώνιον ἀρετῆς ἕνεκα ἱερεὺς Διὸς ἐπὶ Παλλαδίου καὶ βουζύγης Πολέμων Ἡροξένου Μα Μαραθώνιος ἀνέθηκε
444,Γάιον Μέμμιον Σαβεῖ νον Πείσανδρον τον
445,Θράσυλλον Χολλεί δην ἄρξαντα τὴν ἐπώνυμον ἀρχὴν καὶ κηρυκεύσαντα τῆς ἐξ Ἀρείου πάγου βουλῆς Φλαουία Λαοδάμεια Κλείτου Φλυέως θυγάτηρ
446,Σωτῆρι καὶ Κτίστηι Αὐτοκράτορι Ἁδριανοι Ὀλυμπίοι
447,Ἀχαιοί
448,τοῖν Θεοῖν καὶ τῶι Αὐτοκράτορι οἱ Πανέλληνες τοῖν Θεοῖν καὶ τῶι Αὐτοκράτορι οἱ Πανέλληνες τοῖν Θεοῖν καὶ τῶι Αὐτοκράτορι οἱ Πανέλληνες
449,Αὐτοκράτωρ Καῖσαρ Τραϊανὸς Ἁδριανὸς Σεβαστὸς πατὴρ πατρίδος ταῖς Θεαῖς τὴν κρήνην ἀνέθηκε καὶ τὸ ὕδωρ εἰς τὸ ἱερὸν ἤγαγεν
450,ἀγῶνας καθιέρωσεν εἰς τοὺς τοὺς τῶν Ἐλευσινίων ἀγῶνας Δήμητρι καὶ Κόρηι ΝΕΙ ΕΝ ΔΡΩ ΥΣ ΤΡ ΕΛ
451,Αὐτοκράτ
452,ΟΣΕ
453,Θεὸς Ἁδριανὸς Πανελλήνιος
454,μήτηρ Μαρκιανοῦ θυγάτηρ Δημητρίου εἰμί οὔνομα σιγάσθω τοῦτ ἀποκληιζομένη εὖτέ με Κεκροπίδαι Δηιοῖ θέσαν Ἱερόφαντιν αὐτὴ ἀμαιμακέτοις ἐγκατέκρυψα βυθοῖς οὐκ ἐμύησα δ ἐγὼ Λακεδαιμονίης τέκνα Λήδης οὐδὲ τὸν εὑράμενον παυσινόσους ἀκέσεις οὐδὲ τὸν Εὐρυσθῆι δυώδεκα πάντας ἀέθλους ἐξανύσαντα μόγωι καρτερὸν Ἡρακλέα τὸν χθονὸς εὐρυχόρου δὲ καὶ ἀτρυγέτης μεδέοντα τὸν καὶ ἀπειρεσίων κοίρανον ἡμερίων ἄσπετον ὃς πάσαις πλοῦτον κατέχευε πόλεσσιν Ἁδριανόν κλεινῆς δ ἔξοχα Κεκροπίης
455,ἡ ἐξ Ἀρείου πάγου βουλὴ καὶ ἡ βουλὴ τῶν φ καὶ ὁ δῆ μος ὁ Ἀθηναίων Λούκιον Οὐιψάνι ον Αἰολίωνα Φλυέα ἐξηγη τὴν Εὐμολπιδῶν ἄρξαντα τὴν ἐπώνυμον ἀρχήν στρα τηγήσαντα γυμνασιαρ χήσαντα ἐκ τῶν ἰδίων κηρυκεύσαντα τῆς ἐξ Ἀ ρείου πάγου βουλῆς ἀγω νοθετήσαντα τῶν μεγά λων Ἀσκληπιείων φ υἱὸν Λουκίου Οὐιψανίου Λαιλι ανοῦ ἄρξαντος τὴν ἐπώ νυμον ἀρχὴν πατέρα γυμνα σιαρχήσαντος στρατη γήσαντος καὶ Οὐιψανίας Λαιλιανῆς σης υου σης Σ
456,ΕΙΙ Λουκίου Οὐιψανίου Αἰολίωνος Φλυ έως ἐξηγητοῦ
457,ἡ βουλὴ καὶ ὁ δῆμος ὁ Σαμίων πρεσβεύ σας πρὸς τὴν πόλιν τὴν Ἀθηναίων
458,ἱέρεια Δήμητρος καὶ Κόρης Φλαουία Λαοδάμεια Κλείτου Φλυέως θυγάτηρ Ἰουνίαν Μελιτίνην Ἰουνίου Πάτρωνος Βερνικίδου θυγατέρα καὶ Ἀννίας Ἀριστο κλίας τῆς Ἀννίου Θρασύλλου Χολλείδου θυγατρὸς τῆς ἰδί ας υἱδῆς μυηθεῖσαν ἀφ ἑστίας
459,Λούκιος Νούμ μιος Ἀνδρέας Μήνιδος Φαλη ρεὺς καὶ Νουμ μία Βάσσα Λου κίου Νουμμίου Ἱεροκήρυκος Γαργηττίου θυ γάτηρ τὴν ἑαυ τῶν θυγατέρα Νουμμίαν Κλε ὼ μυηθῖσαν ἀ φ ἑστίας
460,Τιβέριον Κλαύδιον Ἀττικὸν Μαραθώνιον
701,Γαλερίαν Ἀννίαν Φαυστεῖναν Σεβαστὴν θυγατέρα Αὐτοκράτο ρος Ἀντωνίνου καὶ Μάρ κου Αὐρηλίου Οὐήρου Καίσαρος γυναῖκα υπατος ὁ ἐ
702,Δομιτίαν Λούκιλλαν Μάρκου Αὐρηλίου Οὐήρου Καίσαρος μητέρα
462,Νούμμιος Νιγρεῖνος Ἱεροκῆρυξ
463,καθ ὑπομνηματισμὸν τῆς ἐξ Ἀρείου πάγου βουλῆς ἡ Ἐφεσί ων πόλις καὶ Μενάνδραν ικοσ αρισ σαιου σπ ιω κι οχ ομ π ἀγωνοθετήσαντος ιοκαΙΙαατ γραμματέως τοῦ δήμου νεοποιοῦ τῆς Ἀρτέμιδος Μινδίου Ἀμύνου ΕΠΕ γραμματέως τοῦ δήμου καὶ ἀρχιερέως τῆς Ἀσίας καὶ πρυτάνεως καὶ Γαίου Κλαυδίου Τιτιανοῦ ἀγορανόμου γυμνα σιάρχου τῆς πόλεως γραμματέως τοῦ δήμου καὶ πρυτάνεως ἀδελφιδῆν Γαίου Κλαυδίου Τιτιανοῦ συνκλητικοῦ χειλιάρχου δεκέμβερος ταμίου ἐπαρχείας Ἀχαίας δημάρχου καὶ στρατηγοῦ Ῥωμαίων ἡγεμόνος Κρήτης θυγατέρα Φιλίπ πης Κλαυδίου Δημοστράτου Ἀθηναίου ἄρξαντος ἐν τῇ πατρίδι τὴν ἐπώνυμον ἀρχήν στρατηγήσαντος ἐπὶ τὰ ὅπλα γυμνασιαρχήσαντος κηρυκεύσαντος τῆς ἐξ Ἀρείου πάγου βουλῆς ἀγωνοθετήσαντος Παναθηναίων καὶ Ἐλευσεινίων ἐξηγητοῦ μυστηρίων ἱερέως Ἐρεχθέως Ποσειδῶνος
464,Δέκμον Ἰούνιον Μεννέαν τὸν ἔκγονον τοῦ ἐξηγη τοῦ Πάτρωνος ὁ πατὴρ Δέκμος Ἰούνιος Πάτρων καὶ ἡ μήτηρ Ἀννία Ἀριστόκλεια Ἀννίου Θρασύλλου Χολλείδου θυγάτηρ μυηθέντα ἀφ ἑστίας ταῖν Θεαῖν
465,Ἱεροφάντης Γαργήττιος ὅ ποτε Φίρμος οὗ Φίρμος οὗ Μουσώνιος ὁ καὶ Βουτάδιος
466,ἱεροφάντην Δέκμον Ἰούνιον Πει ραιέα Κορνηλία Φ έως θυγάτηρ τὸν ἑαυτῆς ἄνδρα
467,Τιβερίου Κλαυδίου Λυσιάδου δᾳδούχου μυηθέντα ἀφ ἑστίας
468,Αἴλιον Πραξαγόραν Μελιτέα τὸν πανηγυριαρχήσαντα καὶ ΣΑΝΙΟΥ Πραξα γόρου Θορικίου θυγατρὸς υἱὸν καὶ Κλαυδίου Θεμιστοκλέους Μελιτέως ἔγγονον ΙΟ ΝΟ Τ
469,Πραξαγορ ἀδελφὸν πος
470,ἔκγονον ἠδὲ θύγατρα δυοῖν ὑπάτων Ἀρριανῶν οἳ σοφίαι πλοῦτον καὶ γένος ἠγλάϊσαν μύστιν Ἀθηναῖοι Κλημεντιανὴν παρὰ Δηοῖ στῆσαν σωφροσύνης καὶ σοφίας ἕνεκα
471,ὑπὲρ τῆς νίκης τοῦ Αὐτοκρά τορος Ἀνα ν Κρατέρου ἀρχιερεὺς Ἀχαιῶν
472,Κλαυδίου Λεωνίδου δᾳδούχου Μελιτέως κηρυκεύσαντα τῆς ἐξ Ἀρείου πάγου βουλῆς
691,ἡ ἐξ Ἀρείου πάγου βουλὴ καὶ ἡ βουλὴ τῶν Φ καὶ ὁ δῆμος ὁ Αθηναίων Σέργιον Σαλβιδιηνὸν υἱὸν Σκει πίωνα Ὄρφιτον ωνα μεγαλοψυχίας ἕνεκεν καὶ ἀρετῆς καὶ εὐσεβείας
692,Καλπουρνίαν Λουκίου θυγατέρα Λέπιδαν Ὀρφίτου Σκειπίωνος γυ ναῖκα δικαιοσύ νης καὶ εὐσεβείας
693,Σέργιον Καλπούρνιον Σπειπίωνα Ὄρφιτον Σκειπίωνος Ὀρφίτου υἱὸν μύστην
694,Λούκιον Καλπούρνιον Πείσωνα Σκειπίω νος Ὀρφίτου υἱὸν μύστην
473,ἡ ἐξ Ἀρείου πάγου βουλὴ καὶ ἡ βουλὴ τῶν Φ καὶ ὁ δῆμος ὁ Αθηναίων Σέργιον Σαλβιδιηνὸν υἱὸν Σκει πίωνα Ὄρφιτον ωνα μεγαλοψυχίας ἕνεκεν καὶ ἀρετῆς καὶ εὐσεβείας Καλπουρνίαν Λουκίου θυγατέρα Λέπιδαν Ὀρφίτου Σκειπίωνος γυ ναῖκα δικαιοσύ νης καὶ εὐσεβείας Σέργιον Καλπούρνιον Σπειπίωνα Ὄρφιτον Σκειπίωνος Ὀρφίτου υἱὸν μύστην Λούκιον Καλπούρνιον Πείσωνα Σκειπίω νος Ὀρφίτου υἱὸν μύστην
474,Πόπλιος Αἴλιος Τειμοσθένης Βε ρενικίδης Αἰλίου Ζήνωνος τοῦ πυθοχρήστου ἐξη γητοῦ υἱὸς μυηθεὶς ἀφ ἑστίας
475,Ἀππίαν Ἀννίαν Ἀτειλίαν Ῥή γιλλαν Ἀγριππεῖναν Ἐλπινείκην Ἀτρίαν Πῶλλαν Ἡρώδου καὶ Ῥη γίλλης θυγατέρα
476,Ἀππίαν Ἀννίαν Ῥή γιλλαν Ἀτιλίαν Καυ κιδίαν Τερτύλλαν Ἀππίου ὑπάτου πον τίφικος θυγατέρα Ἡ ρώιδου Μαραθωνίου ὑπάτου γυναῖκα τοῦ ἐξηγητοῦ ὁ ἀνὴρ ἀνέθηκεν
477,Τιβέριον Κλαύδιον Ἀτείλιον Ἀττικὸν Βραδούαν Κλαυδίου Ἡρώδου τοῦ ἀρ χιερέως καὶ Ῥηγίλλης Ἀππίου ὑπάτου θυγατρὸς υἱόν υἱὸν τῆς Ἑλλάδος μυηθέντα ἀφ ἑ στίας τῆς λη
478,Αἴλιον Πραξαγόραν Μελιτέα Θεμιστοκλέους Μελιτέως υἱὸν Θεμιστοκλέους Μελιτέως ἔγγονον Λεωνίδου τοῦ δᾳδού χου Μελιτέως ἀπόγονον ἄρξαντα τὴν ἐπώνυμον ἀρχὴν καὶ πανηγυριαρχήσαντα καὶ ἀγω νοθετήσαντα τῶν μεγάλων Ἀσκληπιείων
479,Αἴλιον Πραξαγόραν Μελιτέα υἱὸν Κλαυδίου Θεμιστοκλέους Μελιτέως ἔγγονον Κλαυδίου Θε μιστοκλέους Μελιτέως ἀπόγονον Λεωνίδου δᾳδού χου Μελιτέως ἄρξαντα τὴν ἐπώνυμον ἀρχὴν καὶ πα νηγυριαρχήσαντα καὶ ἀγω νοθετήσαντα Παναθη ναίων καὶ Ἀσκληπιείων ΤΙ
480,ΙΙ ν Μελιτέα Ποπλίου Αἰλίου Πραξαγόρου Μελιτέως υἱὸν μυηθέντα ἀφ ἑστίας
481,τὸν ἀφ ἑστίας μύστην Φλάουιον Ξενίωνα Μαραθώνιον τὸν κράτιστον τὸν υἱὸν Φλαουίου Ζηνοφίλου
482,ὑπὲρ ὑγείας καὶ νείκης καὶ διαμονῆς τῶν Αὐτοκρατόρων Μάρκου Αὐρηλίου Ἀντωνείνου καὶ Λουκίου Βήρου Σεβα στῶν ὁ ἱερεὺς Τριπτολέ μου καὶ ἵππαρχος Αἴλιος Χσ σιος ΠΙΓ θος
483,Ἀγαθῇ Τύχῃ ἡ ἐξ Ἀρείου πάγου βουλὴ καὶ ἡ βουλὴ τῶν Φ καὶ ὁ δῆμος ὁ Ἀθηναίων Τίτον Φλάουιον Ἱεροφάντην Παιανιέα Τίτου Φλαουίου Ἀλκιβιάδου Παιανιέως υἱὸν ἄρξαντος τὴν ἐπώνυμον ἀρχήν πανηγυριαρχήσαντος κηρυκεύσαν τος τῆς ἐξ Ἀρείου πάγου βουλῆς στρατηγήσαντος ἐπὶ τὰ ὅπλα καὶ γυμνασιαρχήσαντος ἐκ τῶν ἰδίων ἀγωνοθετήσαν τος Παναθηναίων οἴκοθεν Τίτου Φλαουίου Λεωσθένους Παια νιέως ἔκγονον ἄρξαντος τὴν ἐπώνυμον ἀρχήν πανη γυριαρχήσαντος κηρυκεύσαντος τῆς ἐξ Ἀρείου πάγου βουλῆς στρατηγήσαντος ἐπὶ τὰ ὅπλα Γ καὶ γυμνασιαρ χήσαντος ἀγωνοθετήσαντος Παναθηναίων ἀποδει χθέντος ὑπὸ θεοῦ Ἁδριανοῦ Τίτου Φλαουίου Ἀλκιβιάδου Παιανιέ ως ἀδελφόν ἄρξαντος τὴν ἐπώνυμον ἀρχήν πανηγυρι αρχήσαντος κηρυκεύσαντος τῆς ἐξ Ἀρείου πάγου βουλῆς ἄρξαντα πανηγυριαρχήσαντα γυμνασιαρχήσαντα οἴκοθεν ὁλκείοις πρεσβεύσαντα δὶς εἰς Ῥώμην ἐπὶ θεοῦ Ἀντωνεί νου υἱὸν Φλαουίας Εἰσιδώρας τῆς Φλαουίου Ἡρακλείτου καὶ Δομιτίας Λαοδαμείας θυγατρός Κρατεροῦ ἔγγονον ὃς τὴν πίστιν τῇ πόλει ἐς τὰ νῦν δι ὧν κατέλιπεν φυλάσσει ἱεροφαντοῦν τα ἐπὶ γένους λαμπρότητι καὶ φιλοτιμίαις ἁπάσαις εὐχαριστή σαντα τῇ πόλει τὸ στρόφιον παρὰ τῷ Αὐτοκράτορι θεῷ Ἀν τωνείνῳ λαβόντα καὶ τὸν Αὐτοκράτορα μυήσαντος Λούκιον Αὐρήλιον Οὐῆρον δὶς ἐπὶ τῷ ἔτει ἀγαγόντα μυστήρια καὶ τοῦτο κατὰ τὸ θεμιτόν καὶ προσειδρύσαν τα Εὐμολπίδην συναγαγόντα ἐπεὶ καὶ ἐπιλέγοντα εἴχομεν ἀρετῆς μεγέ θει καὶ τῆς πρὸς τοὺς θεοὺς εὐσεβείας κἂν τούτῳ χάριν ἀνέθηκεν
484,οδω καὶ τῇδε Ι λέσχῃ τερπέσθην καὶ ἔνθ ἀνέμων σκέπας ἦν πῆξαν τ ἀσπασίως ἀλλ ὁ μὲν ἐν πάτρῃ τῷ δ ἔργων πρηκτὴρ ἀμφὶ δέ μιν πόλεμος εἰρωτῶν ὃς ἔτλη Γ Ἡρώδης Βῆρον κρ πολλῶν καὶ μεγάλων
485,τὸν ἀφ ἑ στίας μύστην Μᾶρκον Αὐρήλιον Μιλτιάδην Μαραθώνιον ὁ πα τὴρ Ἀγαθοκλῆς τὸν υἱόν
695,σωτῆρσι Θεοῖς φιλαδέλφων αὐτοκρατόρων ἡ πόλις Ἡρώδου ἐπιμελητεύοντος
696,σωτῆρσι Θεαῖς φιλαδέλφων αὐτοκρατόρων ἡ πόλις Ἡρώδου ἐπιμελητεύοντος
487,καθ ὑπομνηματι σμὸν τῆς ἐξ Ἀρείου πάγου βουλῆς Τίτον Φλάβιον Εὐθυκόμαν Παιανιέα Τίτου Φλαβίου Στράτωνος ἐπὶ βωμῷ υἱὸν καὶ Τίτου Φλαβίου Στράτωνος ἱεροφάντου ἔγγονον καὶ Φλαβίας κρατείας ἱεροφάντιδος ἔγγονον Πομπηία Πώλ λα Πομπηίου Πλειστάρχου φιλοσόφου θυγάτηρ τὸν ἑαυτῆς ἄνδρα
488,καθ ὑπομνηματισμὸν τῆς ἐξ Ἀρείου πάγου βου λῆς Τίτον Φλάβιον Μέ νανδρον Παιανιέα Τίτου Φλαβίου Εὐθυκόμα Παιανι έως υἱὸν ἡ μήτηρ Πομπη ία Πώλλα τὸν ἑαυτῆς υἱόν
697,ἱερεῖς Θεοῖν τῶι σεμνοτάτωι συνεδρίωι ΛΙ ΙΙ ΟΕΗΔΗ εια Ξενίωνος τοῦ καὶ Ἀσίαρχον καὶ ἄρξαν τα τῶν Ἑλλήνων τῶν εἰσαφι κνουμένων τειμηατενε λαμπρὰς τὰς ρημα ϊς αὐτοτηρι ς δὲ ταύτας ἐφ ἡμιολίαι ιτω δανισθῆναι καὶ ταύτας διὰ τῆς τοῦ σεμνοτάτου συνεδρίου οις ἀπετέθη τοῖς ἱεροῖς συναγόμενον τόκον καθ ἕκαστον ἐνιαυτὸν δραχμὰς δύο καὶ δέκα λαμπρὰς ν βουλευταῖς ἰς αὐτά ἐξηγουμένοις ἱερεῦ σιν ἀλλ ὑποτέτακται τιασατ Ιεισσχο ιπλγετονα ες ἱερεῖς συνηθε καὶ οἱ λοι μστιν ὑπιονιλεγον τοῖς ποιουμένοις ἰς ἱερὰς τοσκο ενοι γέρας μεθ οὓς εἴ τι περιττεύοι καθάπερ τι καὶ ἐπε ρίττευσεν ἤδη τοῦτο ἰς θυμιατηρίων κατασκευὴν ἐξέστω ἀφορί ζεσθαι διά τε τῆς τοῦ ἱεροφάντου καὶ τῆς τοῦ δᾳδούχου ἐπιμελίας οἷς καὶ ἡ πᾶσα τῶν χρημάτων τούτων σωτηρία τε καὶ ἀσφάλεια ἐπετρά πη πρὸς τὸ μηδενὶ μηδαμῶς ἐξεῖναι μετακεινῆσαί τι τῶν ἐγκριθέν των ἅπαξ καὶ θεοῖς καθιερωμένων ὅπως καὶ ἐπεκύρωσεν οὗ ἡ ἀπόφα σις ἐξηνέχθη πρὸς τὴν ἁπάντων γνῶσιν Σεβῆρος ἀπόφασις ἐπάρχου Σεβῆρος εἶπεν τὴν μὲν φιλοτειμίαν ἀποδέχομαι καὶ αὐτὸς ἣν πρὸς τοὺς θεοὺς ἐπεδείξατο εἰ δέ τις παρακεινῆσαί τι τολμήσειεν τῶν καθιερωθέντων ἐκ δικηθήσεται τῷ ταμιείῳ διπλῆ ὅσ ἂν ᾖ ἡ ἀξία παρὰ τοῦ τοῦ το τολμήσαντος ὡς ἐφ ἱεροσυλίᾳ ἐπιτειμίου γιγνομένου προνοήσονται δὲ τούτου μάλιστα ὅ τε ἱεροφάντης καὶ ὁ δᾳδοῦχος πρὸς τὸ μὴ σαλευθῆναί ποτε τοῦτο τὸ κεφά λαιον μήτε τὴν ποσότητα τῶν καθιερωμένων δηναρίῳ ἑνὶ μειωθῆναι φανεροῦ ὄντος ὅτι μηδὲν αὐτοῖς ἐστιν ἀκίν δυνον ἐάν τι περιίδωσιν τούτων παρακεινούμενον ὅσοι τὴν τειμὴν νέμονται ταύτην καὶ μὴ ὄντες βουλευτι κῆς ἀξίας αὐτὸς Ξενίων διπλῆν ἱερεὺς Δαφνηφόρου ἁπλῆν ἱεροφάντης διπλῆν δᾳδοῦχος διπλῆν ἀρχιερεὺς διπλῆν ἐξηγητὴς διπλῆν ἐξηγηταὶ τρεῖς διπλᾶς ἱεροκῆρυξ διπλῆν ἐπὶ βωμῷ διπλῆν Ἀθηνᾶς ἱέρεια διπλῆν Δήμητρος καὶ Κόρης διπλῆν ἱεροφάντιδες δύο διπλᾶς ἱέρεια Καλ ἁπλῆν ἱέρεια Μοιρ ἁπλῆν καὶ ὅσοι παῖδες μυηθέντες ἀφ ἑστίας φαιδυντὴς ἁπλῆν Διὸς ἱερεὺς ἁπλῆν Ἰαχχαγωγὸς ἁπλῆν βουζύγης ἁπλῆν πυρφόρος ἁπλῆν παναγὴς ἁπλῆν ἱερεὺς Θεοῦ καὶ Θεᾶς ἁπλῆν ἱερεὺς Τριπτολέμου ἁπλῆν
698,ἄρχων Εὐ μολπιδῶν ἁπλῆν επιο εινω τῆς πε γιγνωσκέτω νος τῶν α ἐκ τοῦ περιττεύειν είονα τὴν τ οκυρωθε οσεσινω μηδαμῶς ἐλαττον ντων ου Ι ὑπὲρ οὗ ΙΜ ΛΙΙ
490,Εὐμολπίδαι τὸν ἄρχοντα Μᾶρκον Ἰούλιον Ἀπελλᾶν Μαραθώνιον υἱὸν Μάρκου Ἰουλίου Δαμιανοῦ Μυ λασέως καὶ Φλαουίας Πώλλης Φλαουίου Ἀπελλᾶ Ὑπαιπηνοῦ θυγατρός κατὰ τὸ ἐπερώτημα τῆς ἐξ Ἀ ρείου πάγου βουλῆς
491,ἀγαθῆι τύχηι τὸν κράτιστον Ξενί ωνα τὸν ἄρξαντα τῶν Πανελλήνων τὸν ἄρι στον πολειτευτὴν οἱ Πανέλληνες
492,ἡ ἐξ Ἀρείου πάγου βουλὴ καὶ ἡ βουλὴ τῶν Φ καὶ ὁ δῆμος Ἰούλιον Ἀπολλόδοτον Μελιτέα Ἰουλίου Θεοδότου σοφιστοῦ στρατηγήσαντος καὶ βασιλεύ σαντος καὶ κηρυκεύσαντος τῆς ἐξ Ἀρείου πάγου βουλῆς ὑὸν καὶ Αἰλίας Κηφισοδώρας Κλαυδίου Λυσιάδου δᾳδουχήσαντος θυγατρός ἄρξαντα τοῦ Κηρύ κων γένους ἀρετῆς ἕνεκα
493,Αἰλίαν Κηφισοδώραν Κλαυδίου Λυσιάδου δᾳδουχήσαν τος θυγατέρα Κλαυδίου Λεωνίδου δᾳδουχήσαντος ἔγγονον Κλαυδίου Σώσπιδος δᾳδουχήσαντος ἀδελφήν Ἰουλίου Θεοδότου σοφιστοῦ γυναῖκα στρατη γήσαντος ἐπὶ τοὺς ὁπλίτας βασιλεύσαντος κηρυκεύσαντος τῆς ἐξ Ἀρείου πάγου βουλῆς ὁ ἀνὴρ καὶ τὰ τέκνα Ἰούλιος Θεόδοτος καὶ Ἰουλία Κηφισοδώ ρα σωφροσύνης ἕνεκεν καὶ ἀρετῆς καὶ εὐτεκνίας ἀνέθη καν καθ ὑπομνηματισμὸν τῆς ἐξ Ἀρείου πάγου βουλῆς
494,ἀρρήτων θησαυρὸν ἐς Ἀθήνας μυστικὸν ἠγαγόμην ἐμ πολέμωι στυγερῶι τοὔνεκα ταινίαις ἀνέδησαν Κεκροπίδαι με καὶ θέσαν ἐν τεμένει ρὸς ἀεὶ τελετῆς
495,Αὐτοκράτορα Καίσαρα Μᾶρκον Αὐρήλιον Ἀντωνῖνον Γερμανικὸν Παρθικὸν Μηδικὸν Ἀπολλωνιᾶται οἱ κατὰ Κυρήνην διὰ Μάρκου Ἰουλίου Πράξιδος Πανέλληνος
496,Αὐτοκράτορα Καίσαρα Μᾶρκον Αὐρήλιον Ἀντωνῖνον Γερμανικόν
497,Αὐτοκράτορα Καίσαρα Γερμανικὸν
498,μύστην Ἡρώδης Ἀσκληπιὸν εἵσατο Δηοῖ νοῦσον ἀλεξήσαντ ἀντιχαριζόμενος
499,Μᾶρκος Αὐρήλιος Ω νος
500,ἱ ε ρ ο φ ά ν τ η ς
501,ἱερόφαντιν Μελιτίνην ΑΝ
502,ἀγαθῆι τύχηι πυροφόρου Δήμητρος ὑπείροχον ἱερό φαντιν πολλὸν ἐπ εὐσεβίῃ κῦδος ἀειραμένην Ἑλλάδος εὐρυχόρου πρῶτην γένος Ἀντολίης τε ἔγγονον Εἰσαίου τοῦ σοφίαις ὑπάτου ὃς δὴ καὶ βασιλῆος ἀμύμονος Ἁδριανοῖο μουσάων ἀγαθὴν εἶχε διδασκαλίην Εἰσαίου δὲ θύγατρα μεγαινήτοιο καὶ αὐτοῦ ἔξοχον ἔν τ ἀρεταῖς ἔν τε σαοφροσύναις ἣν καὶ ἀμειβομένη Δηὼ μακάρων ἐπὶ νήσσους ἤγαγε παντοίης ἐκτὸς ἐπωδυνίης δῶκε δέ οἱ θάνατον γλυκερώτερον ἡδέος ὕπνου πάγχυ καὶ Ἀργείων φέρτερον ἠιθέων ἥ τε καὶ Ἀντωνῖνον ὁμοῦ Κομμόδῳ βασιλῆας ἀρχομένη τελετῶν ἔστεφε μυστιπόλους τὴν μὲν ἄρα ψήφῳ μὲν Ἄρηϊ φίλη θέτο βουλή εἰκόνα δ ἠγαθέην ἐκτελέσαντο νέην Εὐνίκη τε φίλη θυγάτηρ ὗές τε θυγατρός Ζωιλίδαι μητρὸς μητέρα θεσπεσίην Κάλλαισχρος καὶ Γλαῦκος ἐν εἰκόνι κυδαίνοντες ἣν καὶ Δημήτηρ ὤπασεν ἀθανάτοις
503,ἡ πόλις Λούκιον Μέμμιον ἐπὶ βωμῶι Θορίκιον τὸν ἀπὸ δᾳδούχων καὶ ἀρχόντων καὶ στρατηγῶν καὶ ἀγωνοθετῶν τὸν καὶ αὐτὸν μετὰ τῶν ἄλλων ἀρχῶν καὶ λιτουργιῶν ἄρξαντα τὴν ἐπώ νυμον ἀρχὴν καὶ στρατηγὸν ἐπὶ τὰ ὅπλα καὶ ἐπιμελητὴν γυμνασιαρχίας θεοῦ Ἁδριανοῦ καὶ ἀγωνοθέτην τρίς πρεσβευτήν τε πολλάκις περὶ τῶν με γίστων ἐν οἷς καὶ περὶ γερουσίας μυή σαντα παρόντος θεοῦ Ἁδριανοῦ μυήσαντα θεὸν Λούκιον Οὐῆρον Ἀρμενιακὸν Παρθικὸν καὶ Αὐτοκράτορας Μᾶρκον Αὐρήλιον Ἀντωνῖνον καὶ Μᾶρκον Αὐρήλιον Κόμμοδον Γερμανικοὺς Σαρματικούς λιτουργήσαντα τοῖν Θεοῖν ἔτεσι νϛ τὸν ἀπ ἀρχιερέων τὸν φιλόπατριν
504,οἱ ἐπὶ Φλαουί ου Ἀμφικλέ ους ἄρχοντος Πανέλληνες ἐκ τῆς τοῦ Δη μητρείου καρ ποῦ ἀπαρχῆς
505,Θεὸς Ἀντωνῖνος
506,Λουκίλλα Θεοῦ Ἀντωνίνου θυγάτηρ
507,Θεὰ Φαυστεῖνα
508,Θεὰ Φαυστεῖνα
509,Σαβεῖνα Θεοῦ Ἀντωνίνου θυγάτηρ
510,Φαυστεῖνα Θεοῦ Ἀντωνίνου θυγάτηρ
511,ὦ ξεῖνοι θηεῖσθε μετ εὐκλέ ἀνά κτορα Δηοῦς καὶ γενεὴν πατέ ρων εὐκλεᾶ Πραξαγόρας ἣν ἔ τεκεν Μελιτεὺς Δημόστρα τος ἠδὲ Φιλίστη φύντες δᾳ δούχων ἀμφότεροι τοκέ ων ἀλλά με καὶ παίδων κοσ μεῖ χορός οἳ τὸ πρὸ μυστῶν ἄλλων ἐν τελεταῖς στέμ μα κόμαισι θέσαν
512,Αἰλία Φιλίστη ΟΗ Λ ἱερ ΗΝΕ ην χ
513,Αὐτοκράτωρ Καῖσαρ Μᾶρκος Αὐρήλι ος Κόμμοδος Ἀντωνῖνος Σε βαστὸς Εὐσεβὴς ἐγὼ π ὁ πρεσβευτὴς τῶν ο ὑμετερ α καὶ μυστηρίων κεκοινωνηκὼς ὥστε ἐξ ἐκείνου δίκαιος ἂν εἴην ὁμολογῶν καὶ τὸ Εὐμολπίδης εἶναι ἀναλαμ βάνω δὲ καὶ τὴν τοῦ ἄρχοντος προσηγορίαν καθ ἃ ἠξιώσατε ὡς τά τε ἀπόρρητα τῆς κατὰ τὰ μυστήρια τελετῆς ἐνδοξό τερόν τε καὶ σεμνότερον εἴ γέ τινα προσθήκην ἐπιδέ χοιτο τοῖν Θεοῖν ἀποδοθεί η καὶ διὰ τὸν ἄρχοντα τοῦ τῶν Εὐμολπιδῶν γένους ὃν προ εχειρίσασθε αὐτός τε μὴ δο κοίην ἐνγραφεὶς καὶ πρότε ρον εἰς τοὺς Εὐμολπίδας παραιτεῖσθαι νῦν τὸ ἔργον τῆς τειμῆς ἣν πρὸ τῆς ἀρχῆς ταύτης ἐκαρπωσάμην ἔρρωσθε
514,τοῦ μεγίστου Αὐτοκράτορος Καίαρος Μάρκου Αὐρηλίου Κομμόδου Ἀντωνίνου Σεβαστοῦ Εὐσεβοῦς Εὐτυ χοῦς Βησαιέως πανηγυριαρχοῦντος ἐπὶ ἄρχοντος τῆς πόλεως Ἰουλίου Ἱεροφάντου στρατηγοῦντος ἐπὶ τὰ ὅπλα Αἰολίωνος Φλυέως Βοηδρομιῶνος οἱ πρυτάνεις τῆς Ἀντιοχίδος φυλῆς τιμήσαντες ἑαυτοὺς καὶ τοὺς ἀισίτους ἀνέγραψαν ἐπώνυμος Αἴλιος Λεύκιος Παλληνεύς Παλληνεῖς ἐπώνυμος Αἴλιος Λεύκιος Παλληνεύς Δημοσθένης Ἄνθου Ἀττικὸς Ἄνθου ιτέλης Λο Αἴλιος Φ Ἱερω Κλαύδιος Μ Ἀριστ Κλῆτος Ἐπιγόνου Διονύσιος Γλαύκου Κλαύδιος Νικηφόρος Μεγαλῖνος Ἀφροδισίου Χαιρέας Διογένους Ἀριστόβουλος Ζωσίμου Φλάουιος Στέφανος Ἀναφλύστιοι Αἴλιος Μᾶρκος Κλαύδιος Σεραπίων Ἰούλιος Καικιλιανός Τιμοκράτης Καρποδώρου Σημαχίδαι Εἰσίδωρος Θρασύβουλος Ἀρτέμωνος Εὐριπίδης Πρείμου Ἐπιτυγχάνων Ὀνήσιμος Εἰφικράτους ἀίσιτοι Ἰούλιος Ἱεροφάντης Αἴλιος Δᾳδοῦχος Ἑρέννιος Ἱεροκῆρυξ Κλαύδιος ἐπὶ βωμῷ Ι Αἰμ Αἰμ Ι Τίτιος Μολόσσιος Ἀλωπεκῆθεν Χρυσέρως Δείφιλος Χαρεισίου Νικόμαχος Δείφιλος Φυρνήσιοι Ὑγεῖνος Ἀρχιμήδους Κριωεῖς Νικόστρατος Νικίου Ργης της
515,μνῆμα τόδε ὑψιφανὲς Δηιοῦς ἑτάροιο δέδορκας μυρίον ἐν σοφίῃ κῦδος ἐνενκαμένου ὃς τελετὰς ἀνέφηνε καὶ ὄργια πάννυχα μύσταις Εὐμόλπου προχέων ἱμερόεσσαν ὄπα ὃς καὶ δυσμενέων μόθον οὐ τρέσεν ἀλλ ἐσάωσεν ἄχραντα ἀρρήτων θέσμια Κεκροπίδαις ἆ μάκαρ ὃν καὶ δῆμος ἐπεστεφάνωσε γεραίρων
516,καὶ σοφίῃ κλεινὸν καὶ σεμνῶν φάντορα νυκτῶν Δηοῦς καὶ Κούρης ἁγνὸν ὁρᾷς πρόπολον ὅς ποτε Σαυροματῶν ἀλεείνων ἔργον ἄθεσμον ὄργια καὶ ψυχὴν ἐξεσάωσε πάτρηι καὶ τελετὰς ἀπέφηνε καὶ ἤρατο κῦδος ὅμοιον Εὐμόλπῳ πινυτῷ καὶ Κελεῷ ζαθέωι Αὐσονίδην τε ἐμύησεν ἀγακλυτὸν Ἀντωνῖνον ὧν ἕνεκ αινΙ εισμου τετΓ ΙΕΙΝ ΩΝΕΣΕ τῇ Δήμητρι
517,Λούκιον Σεπτίμιον Σεουῆρον ὁ δῆμος ὁ Ἀθηναίων Δήμη τρι καὶ Κόρηι
518,ΝΟΝ ΙΟΥ ΑΙ Αὐτοκράτορος Λουκίου Σεπτιμίου Σεβήρου Περτίνακος Ἀραβικοῦ Ἀδια βηνικοῦ Εὐσεβοῦς Εὐτυχοῦς καὶ Ἰουλίας Δόμνας
519,Ἰουλίαν Δόμναν Σεβαστὴν Λουκίου Σεπτιμίου Σεουήρου Εὐσεβοῦς Περτίνακος Σεβαστοῦ Ἀραβικοῦ Ἀδιαβηνικοῦ γυναῖκα μητέρα κάστρων ἡ πόλις
520,Κλαυδίαν Θεμιστόκλειαν Κλαυδίου Φιλίππου τοῦ δᾳδουχήσαντος θυγατέρα καὶ Αἰλίου Πραξαγόρου τοῦ δᾳδουχήσαντος ἀπόγονον τὴν ἀφ ἑστίας
521,Κλαυδίαν Μενάνδραν Κλαυδίου Φιλίππου τοῦ δᾳδουχήσαντος θυγατέρα καὶ Αἰλίου Πραξαγόρου τοῦ δᾳδουχήσαντος ἀπόγονον τὴν ἀφ ἑστίας
522,ἡ βουλὴ ἡ ἐξ Ἀρείου πάγου καὶ ὁ δῆμος Νεικοστράτην Μεννέου Βερνεικίδου θυγατέρα μυηθεῖσαν ἀφ ἑστίας Δήμητρι καὶ Κόρῃ ἀνέθηκε ἐπιμεληθέντος τῆς ἀναθέσεως τοῦ ἐπιτρόπου αὐτῆς Γαίου Κασίου Σημαχίδου
523,ἀγαθῆι τύχηι τὴν ἱέρειαν Δήμητρος καὶ Κόρης Αἰλίαν Ἐπίλαμψιν Αἰλίου Γέλωτος Φαληρέ ως θυγατέρα τοῦ πρώτου ξυστάρχου τῶν ἐν Ἀθήναις ἀγώνων στρατηγή σαντος ἐπὶ τοὺς ὁπλείτας ἱερέως Διὸς Ὀλυμπίου Διοκλέους ἄρξαν τος τὴν ἐπώνυμον ἀρχὴν ἔκγονον Αἰλίου Ἀλεξάνδρου ἄρξαντος τὴν ἐπώ νυμον ἀρχὴν ἀδελφιδῆν Αἰλίου Ἄρδυος ἀρχιερέως τῶν Σεβαστῶν ἱερέως τοῦ Ἐλευθερέως Διονύσου ἄρξαντος τὴν ἐπώνυμον ἀρχήν κηρυκεύσαντος τὸ β ἀγωνοθετήσαντος Ὀλυμπείων στρα τηγήσαντος ἐπὶ τοὺς ὁπλείτας ἀνεψι άν Αἰλίου Καλλικράτους ἄρξαντος τὴν ἐ πώνυμον ἀρχήν στρατηγήσαντος ἐ πὶ τοὺς ὁπλείτας κηρυκεύσαντος ἀ γωνοθετήσαντος ἀνεψιάν Αἰλίου Ἀλε ξάνδρου ἄρξαντος τὴν ἐπώνυμον ἀρχὴν ἀνεψιάν Αἰλίου Γέλωτος ἄρξαντος τὴν ἐπώνυμον ἀρχὴν ἀνεψιάν Ποπλίου Πομπηίου Ἡγίου ἄρξαντος τὴν ἐπώνυμον ἀρχήν στρατηγήσαντος ἐπὶ τοὺς ὁπλείτας τὸ β ἀγωνοθετήσαντος Ὀλυμπείων καὶ γυ μνασιαρχήσαντος οἴκοθεν πρεσβεύ σαντος οἴκοθεν ἱερέως Διὸς Ὀλυμπίου μητέρα ὁ ἐπώνυμος ἄρχων Πόπλιος Πομπήιος Ἡγίας Φαληρεὺς νεώτερος καὶ Πομπήιος Ἐπίλαμψις τὴν ἑαυτῶν τήθην
524,αν Τίτου Φλαουίου Λεωσθέ νους Παιανιέως θυγατέρα Τίτος Φλάουιος ς Παιανιεὺς ὁ πάππος μυηθεῖσαν ἀφ ἑστίας ταῖν Θεαῖν ἀνέθηκεν
525,Λ Αἰλίου Σοσσιανοῦ Προσπαλ τίου θυγατ ωρασΙ υ
526,ΙηιΙ Γλαῦκος Ἅγνη Θρεπτίων Τηρεύς Ἑρμιόνη Εὐτυχίδης Εὔοδος Αἰσχύλου Ζωείλος
527,Νεοκλείδης Π νενεικηκὼς Νέμεια καὶ Ἐλευσείνια ἀγενείους
528,ἡ ἐξ Ἀρείου πά γου βουλὴ Ἰούνιον Ἀγαθό ποδος Μαραθώ νιον ἀρετῆς ἕνεκεν
529,κατὰ τὰ δόξαντα τῇ ἐξ Ἀρείου πάγου βουλῇ Δημήτριος Ἀπολλωνί ου Μαραθώ νιος
530,Ἀρτέμιδι πυρφόρος τοῖν Θεοῖν Ἀλκαμένης
531,ΙΙΙΩΝ ταμι εύσας ἐν Μακεδονίᾳ ἀγορανομήσας ἐν Ῥώμῃ στρατηγήσας ἐν Ῥώμῃ ἀνθυπατεύ σας ἐν Μακεδονίᾳ ἐν δὲ Ἀθήναις φυλῆς Οἰ νηίδος τῶν δὲ δήμων Ἀχαρνεύς ἱερεὺς τοῦ Πατρῴου Ἀπόλλωνος ἐξηγητὴς ἐξ Εὐμολ πιδῶν
532,οἱ Πανέλληνες ἐπὶ Ἀρισταίου ἄρχοντος ἐκ τῆς τοῦ Δημητρείου καρποῦ ἀπαρχῆς
533,ἀρχιερέα διὰ βίου γενόμενον γυμνασιαρχήσαντα Τιβερίου Κλαυδίου Λιανοῦ Γαργήττιον
534,μμιον ἀρετῆς ἕνεκα καὶ εὐνοίας Δήμητρι καὶ Κόρῃ
535,τὸν καὶ Ἔκπα γλον καλούμενον Μα ραθώνιον Κοίντου ου Φρόντωνος Μαραθω νίου ὑὸν μυηθέντα ἀφ ἑ στίας τὸν ἑαυτῆς δεκ Τ
536,Λολλιανὴν Ιου Γλαύκου Ιέως θυγατέρα ἀναθεῖσαν θύρας ας ἐκ τῶν ἰδίων ος Θαλῆς φιλοτειμίας ἕνεκεν
537,ας καὶ Κόρης ἐπὶ μενοι ἀνδρ ν ὑπαρχον Σφηττιο ἀριγνώτου θυ νφε Ἐλευσιν τήνδε ἐπ ἀνακτόρου δειχθεν ἀνακτόρου προχοίδες τε καιναὶ αἱ με ην τὴν ἐν ταῖς εἰς αἰῶνα ε
538,ῥητοὺς ἔτεκε μύστας
539,ἀγαθῆι τύχηι ἡ ἐξ Ἀρείου πάγου βουλὴ καὶ ἡ βουλὴ τῶν Φ καὶ ὁ δῆμος τὸν γυμνασιαρχή σαντα
540,Ἐλευ σινι ἐπὶ τὰ ὅπλα στρα τηγήσαντα Ν
541,στρα τηγήσαντα ἐπὶ τὰ ὅπλα ἀγωνοθετήσαντα Πανα θηναίων ἀρετῆς καὶ ἕνεκα
542,καὶ κηρυκεύ σαντα τῆς ἐξ Ἀ ρείου πάγου βου λῆς καὶ γυμνα σιαρχήσαντα
543,Ο γυμνασίαρχον καὶ ἐπώνυμον ἄρχοντα καὶ ἀγωνοθέτην τῶν μεγά λων Κλαύδιον Λ
544,κηρυκεύσαντα τῆς ἐξ Ἀρείου πάγου βουλῆς ἐξηγητὴν τῶν Εὐμολπιδῶν ΣΟ Λ Φλαουι
545,ΝΒ γυμνασίαρχον ἐκ τῶν ἰδίων ἐξηγητὴν Εὐμολπιδῶν ου ε ΝΗ ξ
546,ΕΟ ἐπιμελη τὴν γυμνασιαρχίας θεοῦ Ἁδρια νοῦ Πραξαγό ρ
547,ΙΙ ου κα ου Μελιτε ἄρ χοντς τὴν ἐπώνυμον ἀρχὴν νειας
548,Ἐπαφρόδιτος γυμνασιαρχήσας ἀνέθηκεν ἐκ τῶν ἰδίων
549,ἱέρειαν Δήμητρος καὶ Κόρης ς θυγατέρα αιευς θυ
550,ἐξηγητὴν Εὐμολπιδῶν
551,τὸ γένος τὸ Κηρύκων αἰτησάμενον πα ρὰ τῆς ἱερᾶς βουλῆς τὸν ἀφ ἑστί ας μυηθέν τα Πῶλλίω να
552,τα ΝΕΝ ΝΔΓ ΗΕΙ ΝΟΛΟ ἀνατιθέναι ἔξεστι ΕΙΚ ΑΝ ΑΝ
553,μέτρα τῶν ν ἁπάντων ἴσα τοῖς δημοσίοις
554,ΡΑ
555,ΙΡΓΡΙΙΙ
556,ν Ἐλευσινι ΣΑΙ αὐτοκράτορα ΑΓΟ ΛΥ
557,νη κος συγγενῆ
558,ἡ ἐξ Ἀρείου πάγου βουλὴ καὶ ἡ βουλὴ τῶν Φ καὶ ὁ δῆμος ὁ Ἀθη ναίων Νουμ μίου
559,Ἀθηναγόρας τοὺς τ
560,είας ς Εὐφάμα Κυδαθηναιε
561,θυγατ Οὐι ψανίας Α
562,ΙΟΣΙ Πουλχρ
563,Διονυσ
564,ώραν Μελ ΡΙ
565,μινιας ον ΕΤ ΝΕ
566,α Δήμητρι καὶ Κόρηι θυγατρὸς
567,της ταῖς Θεαῖς ἀνέθηκ
568,ΗΡ ἀφ ἑστίας μυηθε
569,του υἱὸν ἀνέθηκεν
570,ἡ πόλις ΡΙΙΦ
571,ἡ ἐξ Ἀρείου πά γου βουλὴ καὶ ἡ βουλὴ τῶν Φ καὶ ὁ δῆμος Κ
572,ὁ δῆμος καὶ ἡ ἐξ Ἀρείου πάγου βουλὴ
573,ἡ ἐξ Ἀρείου πάγου βουλὴ καὶ ἡ βουλὴ τῶν Φ καὶ ὁ δῆμος ὁ Ἀθηναίων
574,καθ ὑπομνηματισμὸν τῶν Ἀρειοπαγειτῶν
575,ὁ δῆμος ὁ Ἀθηναίων ωνος ΝΛ
576,ἡ ἐξ Ἀρείου πάγου βουλὴ
577,κατὰ τὸ ἐπερώτη μα τῆς βουλῆς τῶν Φ
578,ἡ βουλὴ τῶν Φ
579,ἡ βουλὴ ἡ ἐξ Ἀρείου πάγου καὶ ΣΤΩ ΙΠ
580,σαν γενομένην
581,λαμπρότατον Ι λαμπροτατο
582,ΥΣ ΩΝ ΛΗΣ ΟΥ ΑΔ
583,Ι ΤΙ ΝΓΑ ΑΦ ΛΤ
584,λιφ της Ι αρχ νωσ ἐπὶ τη Ι
585,της ἐκ πολυο μυστιπόλων δαΐδων στου ἱερόν ἐστιν φου μεγάροις αις ἄλλον ἰδέσθαι δὲ σέλας ε πολείτας πατρίδα πρὸς
586,ΗΝ θηήσασθε ς μεδέοντα ν ἴκελόν τε θεοῖσιν δαίμονι πέμψαν Ἰάλκχωι ον ὅς ποτ ἄνακτος το εσσιν ἀριπρεπε
587,κατὰ τὸ ἐπερώτη μα τῶν σεμνοτά των Ἀρεοπαγειτῶν Τίτον Φλάουιον Ἀτείμητον Πειραιέα τὸν γενό μενον ἀφ ἑστίας Τίτου Φλαουίου Ἀγάθωνος Πειραι έως υἱὸν ἡ μήτηρ Παπία Ὀνησίμη Παπί ου Ὀνησίμου Βησαιέως θυγάτηρ τὸν υἱὸν τοῖν Θεοῖν
588,ἱέρειαν Πολιάδος Ἀθηνᾶς καθ ὑπομνηματισμὸν τῆς ἐξ Ἀρείου πάγου βουλῆς καὶ ἐπερώτημα τῆς βουλῆς τῶν Φ καὶ τοῦ δήμου τὸ γέ νος τὸ Πραξιεργιδῶν Σαβει νιανὴν Ἁμιλλὼν εὐσε βείας τῆς περὶ τὴν Θεὸν ἕνεκεν
589,φίλοι Θοῖνος Ἀρίστων Ἀνδρέας
590,ου σωφροσύνη νείκην Λολ λ ου ἔκγονον πυθοχρήστου ἐξηγητοῦ θυγατέρα Ἑρεννίου γυναῖκα μητέρα
591,Κυκλοβόλου Ἁγνουσίου θυγατέρα ἀφ ἑστίας μυηθεῖσαν
592,ἡ βουλὴ ἡ ἐξ Ἀρείου πάγου Ἁλιέως Δ ν Μεμ Θε τῆς πόλεως
593,Πομπηίαν Ἀ Πομπηίου Διονυσίου θυγατέρα
594,Δήμητρος ἱέρειαν ἕνεκα
595,ἀλκη γεγαῶτα εν π νικήσας Τ
596,γυμνασιαρχήσαντα κηρυκεύ σαντα τῆς ἐξ Ἀρείου πάγου βουλῆς
597,αὐτοκράτωρ
598,ο πολλ κτ ς δῖοι ἀρχὰς ΑΡΑ σαι κύδιστ α πλεῖ τω ΑΤΑΔΕΚΕ ἴων πα
599,ὁ κράτιστος Πόπλιος Αἴλιος ο
600,γονοι κατ ὄναρ τοῦ π τοῦ Ἀπολλωνίου Σφηττίου
601,καὶ ὁ δῆμος ον ἡγεμό να ότατα ας ἐπὶ εὐνίᾳ τῇ σην ἐν Ἐ λευσῖνι οχρονω ΝΚΟΛ σαντα ἐπισημ καὶ ἐνδοξότατα αὐ δικαιοσύνῃ καὶ πρὸς τοὺς δεξιτερ
602,ου Λυσιάδου ΥΔΑ
603,Ἀντιοχο
604,ἡ ἐξ Ἀρείου πάγου βουλὴ καὶ ἡ βουλὴ τῶν καὶ ὁ δῆμος
605,πόλιν εἰς τὸν δῆμον
606,Λ ἐπὶ ἱερείας
607,ἀγαθῇ τύ χῃ ΜΙ Ι
608,Ἀγαθῆι Τύχηι
609,Ἀγαθῆι Τύχηι
610,Ἀγαθῆι Τύχηι τα
611,Ἀγαθῇ Τύχῃ
612,ἡ πόλις
613,λΛ λαβ οκλα
614,ΙΙ ἑαυτ Αἰλ Ν Υ
615,Σ ΥΣ Εὐμο λπιδ
616,ν ου τηρ
617,ΙΑ ΣΥΛΛ ΛΑΗΙ
618,ΟΣ ΩΝΙ ΝΤΩΙ ΟΣΑΝ Ο ΑΤ ΙΑΓ ΣΕ Μ ΝΟ ΝΤΙΩ ΕΟΓ ΑΝΕ ΟΥΚ οχρον ΝΤΙ ΗΣΤ Ι
619,θυγάτηρ καὶ σιω ΛΣ καὶ τὸ πρὸς αὐτῷ βαλανεῖον ἀνέθηκαν ἐπὶ ἱερείας Πολιάδος Ἀθηνᾶς Ε ἀναλώμασιν οἰκείοις ιμοτ ουσι ευσα Καίσαρι Τ Ι ΙΩ ΕΓ
620,ἡ πόλις καὶ Ῥωμαίων τουΙ Ι καὶ Ι
621,ἀγαθῆι τύχηι τοῖν Θεοῖν τὴν ἀφ ἑστίας μύστιν Ποπλίαν Αἰλίαν Ἑρεννίαν Ποπλίου Αἰλίου Ἀπολ λωνίου θυγατέρα ἄρξαντος τὴν ἐπώνυμον ἀρχὴν καὶ ἄρξαντος τὴν τοῦ βασιλέως ἀρχὴν καὶ στρατηγήσαντος ἐπὶ τοὺς ὁπλείτας καὶ ἐπιμελησαμένου τῆς γυμνασιαρχίας καὶ κηρυ κεύσαντος τῆς ἐξ Ἀρείου πά γου βουλῆς ἡ μήτηρ Ποπλία Αἰλία Ἑρεννία τὴν ἀπὸ Κόνωνος καὶ Καλλιμάχου παρὰ τὸν πρό θειον Πόπλιον Αἴλιον Διονύσιον τὸν δᾳ δουχήσαντα
622,ἄρξαντος τὴν ἐπώνυμον ἀρχήν υἱόν Τιβερίου Κλαυδίου Σώσπιδος δᾳδούχου υἱωνόν Τιβερίου Κλαυδίου Λυσιάδου δᾳδούχου ἔκγονον Τιβερίου Κλαυδίου Λεωνίδου δᾳδούχου ἀπόγονον συνκλητικῶν ἀνεψιόν τὸ ἐννεακαιδέκατον διὰ βίου διπλῷ τῷ π λογιστὴν κατὰ περίοδον Ἐπιδαυρίοις Χαιρωνεῦσι Κορωνεῦσι Θηβαίοις τῆς τε ἄλλης ἀρετῆς καὶ εὐσεβείας ἕνεκα
623,κατὰ τὰ δόξαντα τῇ ἐξ Ἀρείου πάγου βουλῇ Σεκοῦνδον Ἀττικὸς Εὐδόξου Σφήττιος τὸν Εὐμολπίδην
624,Δήμητρι καὶ Κόρηι ἡ ἱερὰ γερουσία Μᾶρκον Αὐρήλιον λιθοφόρον Πρόσδεκτον Πιστοκράτους Κεφαλῆθεν πρεσβεύσαντα προῖκα τιμηθέντα δὲ ὑπὸ θεοῦ Κομμόδου τῇ Ῥωμαίων πολιτείᾳ ἄρξαντα τοῦ Κηρύκων γένους ἄρξαν τα τῆς ἱερᾶς γερουσίας εὐσεβείας ἕνεκα Ἀττικὸς Εὐδόξου Σφήττιος ἐποίησε
625,Μάρκῳ Γαβίῳ Γαλλικανῷ Μάρκου Γαβίου Σκυίλλου υἱῷ Μάρκου Γαβίου Σκυίλλου υἱωνῷ ἀνθυπάτῳ Ἀσίας Εὐμολπίδηι
626,ἡ πόλις τὸν κήρυκα τῆς ἐξ Ἀρείου πάγου βουλῆς Πόπλιον Ἑρέννιον Πτολεμαῖον Ποπλίου Ἑρεννίου ἱεροκήρυκος υἱὸν τὸν σοφιστήν
627,ἀγαθῆι τύχηι Πόπλιον Ἑρέννιον Πτολεμαῖον Ἕρμειον
628,παῖδα Ξειναγόρα καὶ Πραξα γόρας ἐσορᾷς με τὸν μύσ την Δηοῦς Ξειναγόραν ὄνομα
629,εως καὶ ἐπιτρό που τοῦ ἱερωτάτου ταμιείου τῆς Ἀσίας καὶ τὴν καθέδραν ἔ χοντος ἐν τῇ βασιλευούσῃ πό λει Ῥωμαίων τοῦ σοφιστοῦ τὴν γυναῖκα τῆς εἰς τὴν πατρίδα καὶ τὸν ἄνδρα εὐ νοίας Λικίννιος Καλλιστόμαχος τὴν ἀδελφὴν τὴν προτήθην ος Κλαύδιος Καλλιστόμαχος
630,οἰκεῖον τῶν μεγίστων καὶ θει οτάτων αὐτοκρατόρων Λουκίου Σεπτι μίου Σεουήρου Εὐσεβοῦς Περ τίνακος Σεβαστοῦ καὶ Μάρκου Αὐρηλίου Ἀντωνείνου καὶ Ποπλίου Σεπτιμίου Γέτα Καίσαρος δὶς ὕπατον Φούλβιον Πλαυτιανὸν προστάτην καὶ εὐ εργέτην ἡ πόλις
631,ἱεροφάντης Ἀπολινάριος Ἀπολλινάριος
632,ἡ ἐξ Ἀρείου πάγου βουλὴ καὶ ἡ βουλὴ τῶν Φ καὶ ὁ δῆμος ὁ Ἀθηναίων Κλαυδί αν Μενάνδραν Κλαυ δίου Φιλίππου τοῦ δᾳδουχήσαντος θυγατέ ρα Κλαυδίου Δημοστράτου ἔγ γονον Αἰλίου Πραξαγόρου ἀ πόγονον ἀρετῆς ἕνεκεν
633,ίαν Ῥουφεῖναν Ἰούλιος Μουσώνιος κῆρυξ τῆς ἐξ Ἀρείου πάγου βουλῆς στρατηγὸς ἐπὶ τοὺς ὁπλίτας ἀγωνοθέτης Ὀλυμπιείων Διὸς Ὀλυμπί ου ἱερεὺς Ἀθήνησιν φαιδυντὴς ἐν Ὀλυμπίᾳ τὴν ἀρίστην γυναῖκα Ἰουλίου Ἱεροκήρυκος μητέρα
634,Πτολεμαῖον Σε ρήνου φοινικάρχου υἱὸν Γαζαῖον καὶ ἄλ λων πόλεων πολίτην εὐνοίας ἕνεκεν τῆς εἰς τὴν πόλιν καὶ ἀρετῆς καὶ τῆς πε ρὶ λόγους ἀσκήσεως ἀμει βόμενοι ἀνέστησαν οἱ σεμνό τατοι Ἀρεοπαγῖται παρὰ ταῖς Θεαῖς
635,κατὰ τὸ ἐπε ρώτημα τῶν σε μνοτάτων Ἀ ρεοπαγειτῶν τὴν ἀφ ἑστίας Αὐρηλίαν Μάγναν τὴν καὶ Ἑρμιό νην οἱ γονεῖς Αὐρήλιος Ἐπαφρό δειτος Ἀσκλη πιάδου Πιτθεὺς καὶ Αὐρηλία Μάγνα ἐκ Πιτθέων
636,κατὰ τὸ ἐπερώτημα τῆς σεμνοτάτης βουλῆς τῶν Φ τὴν ἀφ ἑστίας Αὐρηλίαν Παραμόναν Αὐρηλίου Παραμόνου θυγατέρα Λαμπτρέως μη τρὸς δὲ Αὐρηλίας Δηιδαμείας
699,ὦ μύσται τότε μ εἴδετ ἀνακτόρου ἐκ προφανέντα νυξὶν ἐν ἀργενναῖς νῦν δὲ μεθημέριον ἐκ προγόνων ῥητῆρα λόγοις ἐναγώνιον αἰεί τῶν ἀποπαυσάμενος θέσφατα νῦν ἰάχω οὔνομα δ ὅστις ἐγὼ μὴ δίζεο θεσμὸς ἐκεῖνο μυστικὸς ᾤχετ ἄγων εἰς ἅλα πορφυρέην ἀλλ ὅταν εἰς μακάρων ἔλθω καὶ μόρσιμον ἦμαρ λέξουσιν τότε δὴ πάντες ὅσοις μέλομαι
700,ὦ μύσται τότε μ εἴδετ ἀνακτόρου ἐκ προφανέντα νυξὶν ἐν ἀργενναῖς νῦν δὲ μεθημέριον ἐκ προγόνων ῥητῆρα λόγοις ἐναγώνιον αἰεί τῶν ἀποπαυσάμενος θέσφατα νῦν ἰάχω οὔνομα δ ὅστις ἐγὼ μὴ δίζεο θεσμὸς ἐκεῖνο μυστικὸς ᾤχετ ἄγων εἰς ἅλα πορφυρέην ἀλλ ὅταν εἰς μακάρων ἔλθω καὶ μόρσιμον ἦμαρ λέξουσιν τότε δὴ πάντες ὅσοις μέλομαι
637,ὦ μύσται τότε μ εἴδετ ἀνακτόρου ἐκ προφανέντα νυξὶν ἐν ἀργενναῖς νῦν δὲ μεθημέριον ἐκ προγόνων ῥητῆρα λόγοις ἐναγώνιον αἰεί τῶν ἀποπαυσάμενος θέσφατα νῦν ἰάχω οὔνομα δ ὅστις ἐγὼ μὴ δίζεο θεσμὸς ἐκεῖνο μυστικὸς ᾤχετ ἄγων εἰς ἅλα πορφυρέην ἀλλ ὅταν εἰς μακάρων ἔλθω καὶ μόρσιμον ἦμαρ λέξουσιν τότε δὴ πάντες ὅσοις μέλομαι νῦν ἤδη παῖδες κλυτὸν οὔνομα πατρὸς ἀρίστου φαίνομεν ὃ ζωὸς κρύψεν ἁλὸς πελάγει οὗτος Ἀπολλώνιος ἀοίδιμος ὃν φάμενός τις σημαίνει μυσταῖς οὔνομα πατρὸς ὁμοῦ σὺν δὲ Ποσειδάωνι φερώνυμος εὖ παρεκλήθη
638,ἔδοξεν τῶι δήμωι Ἀραβιανὸς ἦρχεν ἐπρυ τάνευεν Εὔτυχος ἐγραμμάτευεν ἐπεστά τει Δρυαντιανὸς ἄρχων τῶν Εὐμολπιδῶν εἶπεν ἐπειδὴ καὶ διατελοῦμεν ἐν τοῖς νῦν καθάπερ καὶ διὰ τῶν παρῳχημένων χρόνων τελοῦντες τὰ μυστήρι α καὶ τὰ πάτρια προστάττει τῶι γένει τῶν Εὐμολπιδῶν πεφροντικέναι ὅπως ἂν ἐν κόσμωι ἀχθείη τὰ ἱερὰ δεῦρο τ ἐκ τῆς Ἐλευσεῖνος καὶ πάλιν ἐκ τοῦ ἄστεως Ἐ λευσεῖνάδε ἀγαθῆι τύχηι δεδόχθαι τῶι δήμωι προσ τάξαι τῶι κοσμητῆι τῶν ἐφήβων κατὰ τὰ ἀρχαῖα νόμι μα ἄγειν Ἐλευσῖνάδε τοὺς ἐφήβους τῆι τρίτηι ἐπὶ δέ κα τοῦ Βοηδρομιῶνος μετὰ τοῦ εἰθισμένου σχήμα τος τῆς ἅμα ἱεροῖς πομπῆς ἵνα τῆι τετράδι ἐπὶ δέκα πα ραπέμψωσιν τὰ ἱερὰ μέχρι τοῦ Ἐλευσεινίου τοῦ ὑπὸ τῆι πόλει ὡς ἂν κόσμος τε πλείων καὶ φρουρὰ μείζων περὶ τὰ ἱερὰ ὑπάρχοι ἐπειδὴ καὶ ὁ φαιδυντὴς τοῖν Θε οῖν ἀγγέλλει κατὰ τὰ πάτρια τῆι ἱερείαι τῆς Ἀθηνᾶς ὡς ἥκει τὰ ἱερὰ καὶ ἡ παραπέμπουσα στρατιά κατὰ τὰ αὐτὰ δὲ τῆι ἐνάτηι ἐπὶ δέκα τοῦ Βοηδρομιῶνος προσ τάξαι τῶι κοσμητῆι τῶν ἐφήβων ἄγειν τοὺς ἐφήβους πάλιν Ἐλευσεῖνάδε μετὰ τοῦ αὐτοῦ σχήματος παραπέμ ποντας τὰ ἱερά μέλειν δὲ τούτου τῶι κατ ἐνιαυτὸν κοσμητῆι ὅπως μηδέποτε τοῦτο ἐκλειφθείη μη δὲ ὀλιγωρηθείη ποτὲ τὰ τῆς εὐσεβείας τῆς πρὸς τὼ Θε ώ παραπέμπειν δὲ τοὺς ἐφήβους πάντας ἔχοντας τὴν πανοπλίαν ἐστεφανωμένους μυρρίνης στεφά νωι βαδείζοντας ἐν τάξει ἐπεὶ δὲ προστάττομεν τοῖς ἐ φήβοις τὴν τοσαύτην ὁδοιπορῆσαι πομπήν αὐτοὺς καὶ θυσιῶν καὶ σπονδῶν καὶ παιάνων τῶν κατὰ τὴν ὁδὸν μεθέξειν ὡς ἂν τά τε ἱερὰ μετὰ φρουρᾶς ἰσχυρο τέρας καὶ πομπῆς μακροτέρας ἄγοιτο οἵ τε ἔφηβοι παρακολουθοῦντες τῆι περὶ τὸ θεῖον τῆς πόλεως θεραπείαι καὶ ἄνδρες εὐσεβέστεροι γείνοιντο μεθέ ξουσιν δὲ καὶ οἱ ἔφηβοι πάντες τῶν τε ἄλλων ὧν ἂν παρέχηι τοῖς Εὐμολπίδαις ὁ ἄρχων τοῦ γένους καὶ τῆς διανομῆς γενέσθαι δὲ τὴν γνώμην ταύτην φανε ρὰν καὶ τῆι ἐξ Ἀρείου πάγου βουλῆι καὶ τῆι βουλῆι τῶν Φ καὶ τῶι ἱεροφάντηι καὶ τῶι γένει τῶν Εὐμολπιδῶν ἀναγράψαι δὲ τὸ ψήφισμα τοῦτο τὸν ταμίαν τοῦ γέ νους τῶν Εὐμολπιδῶν ἐν τρισὶν στήλαις καὶ στῆσαι τὴν μὲν ἐν Ἐλευσινίωι τῶι ὑπὸ τῆι πόλει τὴν δὲ ἐν τῶι Διογενείωι τὴν δὲ ἐν Ἐλευσεῖνι ἐν τῶι ἱερῶι πρὸ τοῦ βουλευτηρίου
639,Ὁνωρατιανὴν Πολυχαρμίδα τὴν καὶ Φαιναρέ την Ὁνωρατιανοῦ Πολυχάρμου καὶ Κλαυδίας Θεμιστο κλείας θυγατέρα Κλαυδίων Πραξα γόρου καὶ Φιλίππου τῶν δᾳδουχησάν των ἀπόγονον τὴν ἀφ ἑστίας
640,ΑΝ μυηθέντα ἀφ ἑστίας συνκλητικὸν χιλίαρχον λεγιῶνος ταμίαν ἐπαρχείας Μακεδονίας τΙ ΟΥ Λ Σ Φλαβίας Προκληιανῆς ἀρχιερείας τῆς Μητρὸς τῶν Θεῶν Βοιωτίας υἱόν πατέρα Φαβίων Δημητρίου καὶ Αἰμελιανοῦ καὶ Πρόκλου συνκλητικῶν Ιενου ου ων
641,Εὐννίκην Καλλα ίσχρου Φιλάδου θυγατέρα Σηδάτα τὴν ἡαυτ ῆς φίλην εὐνοίας ἕνεκα καὶ εὐσεβείας τῆς εἰς τὰς Θεὰς ἀνέθηκεν
642,μυστῶν ἡγητῆρα Πολύζηλον πατρὸς ἐσθλοῦ Ξειναγόρου μητρός θ Ἑρμιππίδος ἐν ζαθέοισιν εἷσε Θεαῖν δαπέδοισιν ἑὸν Νεόφρων γενετῆρα
643,λλιανὸς ἐπανορθωτὴς λέγει είη τῆς τ ἐξ ἡμῶν ε γεινόμενον ἀνά λωμα τῶν γειτονούντων κτη μάτων ε ἵνα δὲ ὁ χέων τὸ ὕδωρ ἐκ ταίου χρό νου οὐ φροντι οῖν
644,τὸν λαμπρότατον ὑπατικὸν καὶ ἐπώνυμον ἄρχοντα Μᾶρκον Οὔλπιον ὐβίοτον Λεῦρον Γαργήττιον κι Ἀθηνᾶι Πολιάδι τοῦ ἱεροφάντου ἔστασ λει λ ς Ἀθη ν ς ἀνέθηκε τοῖν θεοῖν ΑΝΛ μενος ἐπ εὐσεβείαι ε τῆς ΕΥΠΟ
645,ἡ πόλις τὸν ἀφ ἑστίας μύστην Κασιανὸν ἱεροκήρυκα πρεσβεύσαντα οἴκοθεν εἰς Βρεταννίαν ἀγωνο θετήσαντα Ἁδριανείων στρατηγήσαντα ἄρξαντα
646,γηραλέην ψυχὴν ἐπ ἀκμαίῳ σώματι Γλαῦκος καὶ κάλλει κεράσας κρείττονα σωφροσύνην ὄργια πᾶσιν ἔφαινε βροτοῖς φαεσίμβροτα Δηοῦς εἰνάετες δεκάτῳ δ ἦλθε πρὸς ἀθανάτους ἦ καλὸν ἐκ μακάρων μυστήριον οὐ μόνον εἶναι τὸν θάνατον θνητοῖς οὐ κακὸν ἀλλ ἀγαθόν
647,τῷ μεγίστῳ καὶ θειοτάτῳ Αὐτοκράτο ρι Γαΐῳ Ἰουλίῳ Βήρῳ Μαξιμίνῳ ἐξ ἄστεω ς ιδ
648,ἀγαθῆι τύχηι ἡ ἀπὸ δᾳδούχων καὶ γένους ἀπὸ Πε ρικλέους καὶ Κόνω νος κατὰ δὲ Μακεδό νες ἀπὸ Ἀλεξάν δου Ἀλεξάνδρου Ὁνορατιανὴ Πολυχαρμὶς τὴν ἀφ ἑστίας Ἰουνίαν Θεμιστόκλειαν τὴν θυγατέρα
649,ἀγλαὰ δέξατο δῶρα φρονέοντα λόγον ἀγωνοθέτην καὶ ἐπώνυμον ἀρχήν μυστικὸν ἡγεμόνα αντα πρὶν ἀνδράσιν ἱερὰ φαίνειν τίμησεν ψήφωι πατρὶς ἀγασσαμένη εἰκόνα δὲ στῆσεν χαλκήλατον ἥ ποτε νύμφη Μυρτάλη εἰσοθέωι σεμνὸν ἄγαλμα πόσει ἡ δ ἦν Γλαύκου μὲν θυγάτηρ ὃς ἄριστος ἐτύχθη ἱππήων βυθίην Κύπρον ἐπιτροπέων Γλαύκου δὲ γνωτὴ θεοειδέος ὅς τε καὶ αὐτός ἱεροφαντήσας ὤιχετ ἐς ἀθανάτους
650,Νικαγόρας ὁ τῶν ἱερῶν κῆρυξ καὶ ἐπὶ τῆς καθέδρας σοφιστὴς Πλουτάρχου καὶ Σέκστου τῶν φιλοσόφων ἔκγονος
651,Δήμητρος ἱέρεια Διονυσία Ἑρμιππίδος θυγάτηρ
652,Διο θυγατέρα Κόνωνος καὶ Μινουκιανοῦ τοῦ ἀποσχεδιάζοντος ῥήτρος καὶ νίου καὶ τος καὶ Α συγκλη τικῶν καὶ γυναῖκα ΣΘΙ ΚΟΚ ΟΣ
653,λω νύμου ἔκγονον ὑπατικῶν ἀπὸ δᾳδούχων τὸν σεμνότατον Τίτον Φλάβιον ἐπὶ βωμῷ ΑΝΙ τρίτον καὶ δέκατον πο λιτευσάμενον ἄριστα ΕΠΙΛΝ ωι Ὀλυμπιάδασι ιτοτ
654,ἡ πόλις Αἰράριον Σωσί πατρον δᾳδοῦ χον Δαμοτέλους καὶ Θισβιανοῦ τῶν δᾳδουχησάντων ἔγγονον
655,Αὐτοκράτωρ Καῖσαρ Πούπλιος Λικίνιος Γαλλιηνὸς Εὐσεβὴς Εὐτυχὴς Σεβαστός ἀρχιερεὺς μέγιστος Γερμανικὸς Μέγιστος δημαρχικῆς ἐξουσίας τὸ δι ὕπατος τὸ ϛ ἀποδεδειγμένος τὸ ζ πατὴρ πατρίδος τῇ ἐξ Ἀρείου πάγου βουλῇ καὶ τῇ βουλῇ τῶν ψν καὶ τῷ δήμῳ τῷ Ἀθηναίων χαίρειν ἀπόχρη τοῖς ἐφ ὑμᾶς ἀφικνουμένοις μύσταις ἐν ἄστει τὴν ἀγορὰν λαμβάνειν αυτηνο νος ἅπαντας ἀπευ μὴ τὸ τῶν τεταγμένων ος γα κατὰ τὸν ὑπομνηματισμὸν τῆς ἐξ Ἀρείου πάγου βουλῆς τοῖν Θεοῖν κ κατὰ ἄστυ π ησωΙ ΙμεΙ τὸν δ αὐτὸν τὴν ἀγορὰν Ι τὸν στρατη γον λαμβανο ιακω ἐπιχειροτο ν ἅπασιν ἀνθ τὴν ΕΛ νειηδυν μεταπεμφθεὶς ἐπὶ τὸν τοῖς Ἀθηναίοις ἵνα ὑφέξει δίκην ἐπρέσβευεν Ἰούνιος Μινουκιανός ἔρρωσθε
656,τὸν κράτιστον ἐπώνυμον ἄρχοντα καὶ ἱερέα παναγῆ Πόπλιον Ἑρέννιον Δέξιπ πον Ἕρμειον διὰ πλο καὶ τὴν πρὸς ἑαυτὴν εὔνοιαν Ιης ἰθυδίκου κοσμήτ κιππον Ι Ο
657,ο προσέτεισεν σὺν εἰθυδίκῳ εἰθυδίκοις ον ὁσσάκι γὰρ ΛΙ
658,ωκ ἤγετε ἐνθάδε Ι αιπα κτ Ι κι ψηφ Ια ζῆν ὀτρυν δίκη ἀντῆσαι νελω ἴστε δι οὓς ἄνδρας κλεινὴν νείκην τόθ ἕλεσθε ὧν ἕνεκεν ἀμειψάμεναι ἔξοχα δ ὑμετέρους μύστας Πύρρον κλεινὸν ἔρωτα πάτρης ἔρνος ἀγαυότατον καὶ πινυτὸν Ῥουφεῖνον ὁμοῦ σώζοιτε ἄμφω φύντ ἀγαθῆς Μείνωος ἐκ γενεᾶς οἳ τάδ ἐφ ὑμετέροις ἱεροῖς σηκοῖς ἀνέγραψαν ἱκέσιον φωνὴν τήνδε προιέμενοι ὅστις χεῖρ ὀλοὴν λώβης ἕνεκε ἔνθ ἐπιβάλλῃ ἔκδικον ἐκ μακάρων μῆνιν ἕλοιτο θεῶν
659,μυστιπόλοι Δήμητρος ἐμεῖό τις ἱερὴ ἔστω μνημοσύνη Δηοῦς παρ ἀνακτόρῳ οὔνομα μέν μοι Εὐνείκη τίκτεν δὲ Θάλειά με κυδήεσσα πατρὶ φίλῳ Καλλαίσχρῳ ἀγακλεῖ τοῦ δ ἄρα μήτηρ Εὐνείκη τῆς δ αὖτε σαόφρων ἱερόφαντις ἦεν ἀπ Εἰσαίοιο φερώνυμος Ἀντολίηθεν Εἰσιδότη τοῦ κῦδος ἀμύμονος Ἁδριανοῖο ῥητήρων πάππος δ ἄρ ἐμεῦ πέλεν Ζωίλος ὃς δοιοῖσιν ἀδελφειοῖς φρόνει ἶσα τῷ μὲν ἀπ αἰγλήεντος ἀνακτόρου ἱεροφάντῃ Γλαύκῳ ἀτὰρ σοφίης ἡγήτορι τήν τε Πλάτωνος δρέψατο Καλλαίσχρῳ περιωνύμῳ οὐ μὲν ἐμεῖο τηλοῦ συνκλήτοιο πέλει γένος ἀνχόθι γάρ μοι ἀνεψιαδῶν ἕπεται κλέος Αὐσονίηθεν
660,Αὐτοκράτορα Γάιον Αὐρήλιον Οὐαλέριον Διοκλητιανὸν καὶ Αὐτοκράτορα Μᾶρκον Αὐρήλιον Οὐαλέριον Μαξιμιανὸν ὁ δῆμος τοὺς ἐπιφα νεστάτους Καίσαρας
661,μύστην ἀνθύπατον σεμνὸν κλέος ἱρῆι Εὐμόλπου γενεῆι ὅν ξένε τῆιδ ἐσορᾷς Κεκροπίδαι στήσαντο φίλης παρ ἀνάκτορα Δηοῦς ὥς ποτε καὶ Λήδης τὴν δίδυμον γενεήν οὕνεκεν οὐ θεσμοῖσι φίλος Θεά ἔπλετο μοῦνον ἀλλὰ καὶ εὐσεβίηι πρόφρονι δέξο νόωι
662,καθ ὑπομνηματισμὸν τῆς ἐξ Ἀρείου πάγου βουλῆς ΝΑΥ ΙΘΟ ου Κ ου θυγατέρα Πτολεμαίου γυναῖκα ΩΙΔΙΟΥΝ
663,ἐξηγητὴν τῶν Εὐμολπιδῶν τοῖν Θεοῖν
664,ὑπὲρ νίκης καὶ σωτηρίας καὶ διαμονῆς
665,τοῦ δεῖνος ἄρχοντος ον Γναίου ἀρετῆς ἕνεκα καὶ φιλαγαθίας
666,ἐπὶ ἱερείας Ἐπιγόνου ἐκ Συπα ληττίων τὴν δεῖναΛΔΙ Ἀχαρνέως τὴν θυγα τέρα ὁ πατήρ
667,κατὰ τὸν ὑ πομνηματισμὸν τῆς ἐξ Ἀρείου πάγ ου βουλῆς ίαν τὴν αὑτοῦ θυ γατέρα ὁ δεῖνα
668,Κουροτρόφῳ
669,Ἀρτεμισί α ἀπὸ Κερα μέων πρ ας εὐχήν
670,Καίσαρι Ι
671,ΕΙΟΙΜΙ Αὐτοκράτορα Ἀχαιοί
672,ΑΛΟ ΑΣΙΡΟΥ Τρικορύσιοι ς Εὐκρατ Λευκονοεῖς
673,ἀρε τῆς ἕνεκεν καὶ εὐνοίας τῆς εἰς ἑαυτὸν ἀνέθηκεν
674,ΑΙΥΙΕΙ ΟΚΟΡΩ ΑΝΑ ΤΡ
675,όρος τες οδο όρος Ν
676,όρος τεμένους Δήμητρος
677,ὅρος ιε ρο Ἀπόλλ ωνος
678,ὅρος ὁδοῦ
679,ὅρος ὁδοῦ
680,Ἀπατούρι ος Ἀσκληπι οι εὐξάμενο ς ἀνέθηκεν
681,Ἐπικράτης Παμφίλου Λευκονοιεὺς Ἀσκληπιῶι
682,ἐπὶ Ἱέρωνος ἄρχοντος οἱ θιασῶται Ἀσ κληπιῶι καὶ Ὑγιείαι Μένης Ι Θάλλος Νικόμαχος ης
683,Εὐφρόσυνος Ἱεροφάντου ζα κορεύων Ἀσκλη πιοῦ καὶ Ὑγίας ἀνέθηκεν τὸ π ρόναον καὶ τὸ ν οἶκον ἐπὶ Κα λλικρατίδου ἄρχοντος
684,Ἰσιὰς Ἀσκλη πιῶι εὐχήν
685,Εἰσίδοτος Παρρασίου Φυλάσιος ἱε ρατεύων ἀνε θηκεν Ὀρθραγόρας Εἰσιδότου Φυλάσιος κλειδοῦχος
686,παῖδας ἀν ΕΒΗΑΣΙΝΕ ΟΥ
178bis,ΡΙΩΝΔΚ ος ΔΔΙΙΙ ἐσχαρὶς οὐχ ὑ γιὴς ὁλκὴ ΔΔΔ ἐσχαρίδια διαπε πτωκότα καὶ φιά λια ΙΙ ὁλκὴ ΔΔΔ φιάλη πρὸς τῶι τοίχωι ἣν ἀνέθηκεν Σαλα μινοκλῆς τάδε προσπαρέ δοσαν ἐσχαρίδια ΜΙΟ
219bis,ΤΥΡΩΛΟΣ ΚΕΡ
28a,Τιμοτέλες Ἀχαρνεὺς ἐγραμμάτευε ἔδοχσεν τει βολει καὶ τοι δέμοι Κεκροπὶς ἐπρυτάνευε Τιμοτέ λες ἐγραμμάτευε Κυκνέας ἐπεστάτε τάδε οἱ χσυγγραφες χσυνέ γραφσαν ἀπάρχεσθαι τοῖν Θεοῖν το καρπο κατὰ τὰ πάτρια καὶ τὲ ν μαντείαν τὲν ἐγ Δελφον Ἀθεναίος ἀπὸ τον εκατὸν μεδίμνον κ ριθον μὲ ἔλαττον ἒ εκτέα πυρον δὲ ἀπὸ τον εκατὸν μεδίμνον μ ὲ ἔλαττον εμιέκτεον ἐὰν δέ τις πλείο καρπὸν ποιει ἒ τοσοῦτο ν ἒ ὀλείζο κατὰ τὸν αὐτὸν λόγον ἀπάρχεσθαι ἐγλέγεν δὲ τὸς δεμ άρχος κατὰ τὸς δέμος καὶ παραδιδόναι τοῖς ιεροποιοῖς τοῖς Ἐλευσινόθεν Ἐλευσῖνάδε οἰκοδομεσαι δὲ σιρὸς τρες Ἐλευσῖν ι κατὰ τὰ πάτρια όπο ἂν δοκει τοῖς ιεροποιοῖς καὶ τοι ἀρχιτ έκτονι ἐπιτέδειον ἐναι ἀπὸ το ἀργυρίο το τοῖν Θεοῖν τὸν δὲ κα ρπὸν ἐνθαυθοῖ ἐμβάλλεν ὸν ἂν παραλάβοσι παρὰ τον δεμάρχον ἀπάρχεσθαι δὲ καὶ τὸς χσυμμάχος κατὰ ταὐτά τὰς δὲ πόλες ἐγλο γέας ελέσθαι το καρπο καθότι ἂν δοκει αὐτεσι ἄριστα ὁ καρπὸ ς ἐγλεγέσεσθαι ἐπειδὰν δὲ ἐγλεχθει ἀποπεμφσάντον Ἀθέναζε τὸς δὲ ἀγαγόντας παραδιδόναι τοῖς ιεροποιοῖς τοῖς Ἐλευσι νόθεν Ἐλευσῖνάδε ἐὰν δὲ μὲ παραδέχσονται πέντε ἑμερον ἐπειδὰν ἐπαγγελει παραδιδόντον τον ἐκ τες πόλεος όθεν ἂν ἐ ι ὁ καρπός εὐθυνόσθον οι ιεροποιοὶ χιλίαισιν δραχμεσι έκαστος καὶ παρὰ τον δεμάρχον κατὰ ταὐτὰ παραδέχεσθαι κέρυ κας δὲ ελομένε ε βολὲ πεμφσάτο ἐς τὰς πόλες ἀγγέλλοντας τάδ εφσεφισμένα τοι δέμοι τὸ μὲν νῦν ἐναι ος τάχιστα τὸ δὲ λ οιπὸν όταν δοκει αὐτει κελευέτο δὲ καὶ ο ιεροφάντες καὶ ὁ δαιδοχος μυστερίοις ἀπάρχεσθαι τὸς έλλενας το καρπο κατὰ τὰ πάτρια καὶ τὲν μαντείαν τὲν ἐγ Δελφον ἀναγράφσαντες δὲ ἐμ πινακίοι τὸ μέτρον το καρπο το τε παρὰ τον δεμάρχον κατὰ τὸν δ εμον έκαστον καὶ το παρὰ τον πόλεον κατὰ τὲν πόλιν εκάστεν καταθέντον ἔν τε τοι Ἐλευσινίοι Ἐλευσῖνι καὶ ἐν τοι βολευτε ρίοι ἐπαγγέλλεν δὲ τὲν βολὲν καὶ τεσι ἄλλεσι πόλεσιν τεσι ε λλενικεσιν ἁπάσεσι όποι ἂν δοκει αὐτει δυνατὸν ἐναι λέγον τας μὲν κατὰ ὰ Ἀθεναῖοι ἀπάρχονται καὶ οἱ χσύμμαχοι ἐκένοι ς δὲ μὲ ἐπιτάττοντας κελεύοντας δὲ ἀπάρχεσθαι ἐὰν βόλονται κατὰ τὰ πάτρια καὶ τὲν μαντείαν τὲν ἐγ Δελφον παραδέχεσθαι δ ὲ καὶ παρὰ τούτον τον πόλεον ἐάν τις ἀπάγει τὸς ιεροποιὸς κα τὰ ταὐτά θύεν δὲ ἀπὸ μὲν το πελανο καθότι ἂν Εὐμολπίδαι ἐχσε γονται τρίττοιαν δὲ βόαρχον χρυσόκερον τοῖν Θεοῖν εκατέρ αι ἀπὸ τον κριθον καὶ τον πυρον καὶ τοι Τριπτολέμοι καὶ τοι Θε οι καὶ τει Θεᾶι καὶ τοι Εὐβόλοι ιερεῖον εκάστοι τέλεον καὶ τει Ἀθεναίαι βον χρυσόκερον τὰς δὲ ἄλλας κριθὰς καὶ πυρὸς ἀπ οδομένος τὸς ιεροποιὸς μετὰ τες βολες ἀναθέματα ἀνατιθέν αι τοῖν Θεοῖν ποιεσαμένος άττ ἂν τοι δέμοι τοι Ἀθεναίον δοκε ι καὶ ἐπιγράφεν τοῖς ἀναθέμασιν ότι ἀπὸ το καρπο τες ἀπαρχε ς ἀνεθέθε καὶ ελλένον τὸν ἀπαρχόμενον τοῖς δὲ ταῦτα ποιοσι πολλὰ ἀγαθὰ ἐναι καὶ εὐκαρπίαν καὶ πολυκαρπίαν οίτινες ἂν μὲ ἀδικοσι Ἀθεναίος μεδὲ τὲν πόλιν τὲν Ἀθεναίον μεδὲ τὸ Θεό Λάμπον εἶπε τὰ μὲν ἄλλα καθάπερ αἱ χσυγγραφαὶ τες ἀπαρχες το καρπο τοῖν Θεοῖν τὰς δὲ χσυνγραφὰς καὶ τὸ φσέφισμα τόδε ἀναγ ραφσάτο ο γραμματεὺς ο τες βολες ἐν στέλαιν δυοῖν λιθίναι ν καὶ καταθέτο τὲν μὲν Ἐλευσῖνι ἐν τοι ιεροι τὲν δὲ ετέραν ἐ μ πόλει οι δὲ πολεταὶ ἀπομισθοσάντον τὸ στέλα οι δὲ κολακρ έται δόντον τὸ ἀργύριον ταῦτα μὲν περὶ τες ἀπαρχες το καρπο τ οῖν Θεοῖν ἀναγράφσαι ἐς τὸ στέλα μενα δὲ ἐμβάλλεν εκατονβ αιονα τὸν νέον ἄρχοντα τὸν δὲ βασιλέα ορίσαι τὰ ιερὰ τὰ ἐν το ι Πελαργικοι καὶ τὸ λοιπὸν μὲ ἐνιδρύεσθαι βομὸς ἐν τοι Πελα ργικοι ἄνευ τες βολες καὶ το δέμο μεδὲ τὸς λίθος τέμνεν ἐκ το Π ελαργικο μεδὲ γεν ἐχσάγεν μεδὲ λίθος ἐὰν δέ τις παραβαίνει τούτον τι ἀποτινέτο πεντακοσίας δραχμάς ἐσαγγελλέτο δὲ ο βασιλεὺς ἐς τὲν βολέν περὶ δὲ το ἐλαίο ἀπαρχες χσυγγράφ σας Λάμπον ἐπιδειχσάτο τει βολει ἐπὶ τες ἐνάτες πρυτανείας ε δὲ βολὲ ἐς τὸν δεμον ἐχσενενκέτο ἐπάναγκες
28b,γέας ελέσθαι το καρπο καθότι ἂν δοκει αὐτεσι ἄριστα ο καρπ ὸς ἐγλεγέσεσθαι ἐπειδὰν δὲ ἐγλεχθει ἀποπεμφσάντον Ἀθέναζ ε τὸς δὲ ἀγαγόντας παραδιδόναι τοῖς ιεροποιοῖς τοῖς Ἐλευσ ινόθεν Ἐλευσῖνάδε ἐὰν δὲ μὲ παραδέχσονται πέντε ἑμερον ἐπε ιδὰν ἐπαγγελει παραδιδόντον τον ἐκ τες πόλεος οπόθεν ἂν ἐι ὁ καρπός εὐθυνέσθον οι ιεροποιοὶ χιλίαις δραχμαῖς έκασ τος καὶ παρὰ τον δεμάρχον κατὰ ταὐτὰ παραδέχεσθαι κέρυκας δ
