Institution ID,Honor ID,Notes
philleidai,priestess_to_demeter_and_kore,
areopagus,eponymous_archon,
dionysiac_technitai,epimelete_of_dionysiac_technitai,
dionysiac_technitai,underwriter_of_dionysiac_technitai,
demos,tamias,
eumolpidai,exegete_of_eumolpidai,
kerykes,daduch,
philleidai,hierophantis,
demos,hoplite_general,
imperial_family,imperial_priest,
areopagus,herald_of_areopagus,
areopagus,secretary_of_demos,
demos,proedros,
kerykes,altar_priest,
kerykes,pyrphoros,
kerykes,priest_of_graces,
kerykes,priest_of_artemis_epipyrgidia,
kerykes,priest_of_panages,
kerykes,priest_of_hermes_patroos,
kerykes,priest_of_apollo_pythios,
kerykes,stone_bearer,
kerykes,priest_of_zeus_horios,
kerykes,priest_of_athena_horios,
kerykes,priest_of_poseidon_prosbasterios,
kerykes,priest_of_poseidon_themelioukhos,
kerykes,hymnagogos,
demos,priest_of_demos,
imperial_family,priest_of_sebaiste_dikaiosyne,
boule,herald_of_boule_and_demos,
demos,herald_of_boule_and_demos,
areopagus,epimelite_of_city,
bouzygai,priest_of_zeus_palladion,
kerykes,hierokeryx,
samian_demos,secretary_of_ephesian_demos,
imperial_family,imperial_priest_of_asia,
samian_demos,ephesian_prytaneis,
eteoboutadai,priest_of_poseidon_erekhtheus,
eumolpidai,hierophant,
imperial_family,imperial_priest_of_achaea,
areopagus,archon,
eumolpidai,archon_of_eumolpidai,
kerykes,phaidyntes,
kerykes,iakhagogos,
panhellenes,archon_of_panhellenion,
areopagus,archon_basileus,
kerykes,archon_of_kerykes,
eteoboutadai,priestess_of_athena_polias,
sacred_gerousia,archon_of_sacred_gerousia,
imperial_family,necessarius,
imperial_family,mater_castrorum,